MERGE_INPUT	0	2147483647	0	-2147483648	0	1	0	1	0
MERGE_IN_HSP	0	0	0	656	1	40	160	69	0	120	29
MERGE_OUTPUT	0	0	0	1
MERGE_OUT_HSP	0	0	0	656	1	40	160	69	0	120	29
APPEND_INPUT	0	2147483647	1	0
APPEND_IN_HSP	0	0	0	656	1	40	160	0	120
APPEND_OUTPUT	0	0	0	1
APPEND_OUT_HSP	0	0	0	656	1	40	160	0	120
APPEND_INPUT	1	2147483647	0	1
APPEND_OLD_HSP	1	0	0	656	1	40	160	0	120
APPEND_OUTPUT	1	0	0	1
APPEND_OUT_HSP	1	0	0	656	1	40	160	0	120
APPEND_INPUT	2	2147483647	0	1
APPEND_OLD_HSP	2	0	0	656	1	40	160	0	120
APPEND_OUTPUT	2	0	0	1
APPEND_OUT_HSP	2	0	0	656	1	40	160	0	120
APPEND_INPUT	3	2147483647	0	1
APPEND_OLD_HSP	3	0	0	656	1	40	160	0	120
APPEND_OUTPUT	3	0	0	1
APPEND_OUT_HSP	3	0	0	656	1	40	160	0	120
APPEND_INPUT	4	2147483647	0	1
APPEND_OLD_HSP	4	0	0	656	1	40	160	0	120
APPEND_OUTPUT	4	0	0	1
APPEND_OUT_HSP	4	0	0	656	1	40	160	0	120
APPEND_INPUT	5	2147483647	0	1
APPEND_OLD_HSP	5	0	0	656	1	40	160	0	120
APPEND_OUTPUT	5	0	0	1
APPEND_OUT_HSP	5	0	0	656	1	40	160	0	120
