QUERY_CONTEXT	0	0	0	0	120	0	1
GAPPED_PARAMS	0	11	1	38	64	30	30	30	0	0
GAPPED_INPUT	0	1
GAPPED_INIT	0	0	3	253	0	250	120	656
GAPPED_OUTPUT	0	0	1
GAPPED_HSP	0	0	656	0	0	0	120	29	1	250	370	279
MERGE_INPUT	0	2147483647	9999800	-2147483648	100	1	0	1	0
MERGE_IN_HSP	0	0	0	656	1	0	120	29	10000050	10000170	10000079
MERGE_OUTPUT	0	0	0	1
MERGE_OUT_HSP	0	0	0	656	1	0	120	29	10000050	10000170	10000079
APPEND_INPUT	0	2147483647	1	0
APPEND_IN_HSP	0	0	0	656	1	0	120	10000050	10000170
APPEND_OUTPUT	0	0	0	1
APPEND_OUT_HSP	0	0	0	656	1	0	120	10000050	10000170
APPEND_INPUT	1	2147483647	0	1
APPEND_OLD_HSP	1	0	0	656	1	0	120	10000050	10000170
APPEND_OUTPUT	1	0	0	1
APPEND_OUT_HSP	1	0	0	656	1	0	120	10000050	10000170
APPEND_INPUT	2	2147483647	0	1
APPEND_OLD_HSP	2	0	0	656	1	0	120	10000050	10000170
APPEND_OUTPUT	2	0	0	1
APPEND_OUT_HSP	2	0	0	656	1	0	120	10000050	10000170
APPEND_INPUT	3	2147483647	0	1
APPEND_OLD_HSP	3	0	0	656	1	0	120	10000050	10000170
APPEND_OUTPUT	3	0	0	1
APPEND_OUT_HSP	3	0	0	656	1	0	120	10000050	10000170
APPEND_INPUT	4	2147483647	0	1
APPEND_OLD_HSP	4	0	0	656	1	0	120	10000050	10000170
APPEND_OUTPUT	4	0	0	1
APPEND_OUT_HSP	4	0	0	656	1	0	120	10000050	10000170
APPEND_INPUT	5	2147483647	0	1
APPEND_OLD_HSP	5	0	0	656	1	0	120	10000050	10000170
APPEND_OUTPUT	5	0	0	1
APPEND_OUT_HSP	5	0	0	656	1	0	120	10000050	10000170
