CONTAINS	0	1	0	120	200	320
CONTAINS	0	1	0	70	225	295
CONTAINS	0	1	17	36	1703	1722
ENDPOINT_INPUT	1	3
ENDPOINT_IN_HSP	0	656	1	0	120	200	320
ENDPOINT_IN_HSP	1	393	1	0	70	225	295
ENDPOINT_IN_HSP	2	20	1	17	36	1703	1722
ENDPOINT_OUTPUT	3	3
ENDPOINT_OUT_HSP	0	20	1	17	36	1703	1722
ENDPOINT_OUT_HSP	1	656	1	0	120	200	320
ENDPOINT_OUT_HSP	2	393	1	0	70	225	295
CONTAINS	0	2	0	120	521	641
CONTAINS	0	2	0	70	546	616
ENDPOINT_INPUT	1	2
ENDPOINT_IN_HSP	0	656	2	0	120	521	641
ENDPOINT_IN_HSP	1	393	2	0	70	546	616
ENDPOINT_OUTPUT	2	2
ENDPOINT_OUT_HSP	0	656	2	0	120	521	641
ENDPOINT_OUT_HSP	1	393	2	0	70	546	616
CONTAINS	0	3	0	120	842	962
CONTAINS	0	3	0	70	867	937
CONTAINS	0	3	31	46	1150	1165
CONTAINS	0	3	6	21	1150	1165
CONTAINS	0	3	42	46	1642	1646
CONTAINS	0	3	50	53	1011	1014
ENDPOINT_INPUT	1	6
ENDPOINT_IN_HSP	0	656	3	0	120	842	962
ENDPOINT_IN_HSP	1	393	3	0	70	867	937
ENDPOINT_IN_HSP	2	18	3	31	46	1150	1165
ENDPOINT_IN_HSP	3	18	3	6	21	1150	1165
ENDPOINT_IN_HSP	4	17	3	42	64	1642	1662
ENDPOINT_IN_HSP	5	13	3	50	53	1011	1014
ENDPOINT_OUTPUT	6	6
ENDPOINT_OUT_HSP	0	18	3	31	46	1150	1165
ENDPOINT_OUT_HSP	1	13	3	50	53	1011	1014
ENDPOINT_OUT_HSP	2	17	3	42	64	1642	1662
ENDPOINT_OUT_HSP	3	656	3	0	120	842	962
ENDPOINT_OUT_HSP	4	18	3	6	21	1150	1165
ENDPOINT_OUT_HSP	5	393	3	0	70	867	937
CONTAINS	0	-1	0	120	842	962
CONTAINS	0	-1	0	70	867	937
CONTAINS	0	-1	33	46	962	975
CONTAINS	0	-1	8	21	962	975
CONTAINS	0	-1	64	66	116	118
CONTAINS	0	-1	39	41	116	118
CONTAINS	0	-1	78	81	986	989
CONTAINS	0	-1	53	56	986	989
ENDPOINT_INPUT	1	8
ENDPOINT_IN_HSP	0	656	-1	0	120	842	962
ENDPOINT_IN_HSP	1	393	-1	0	70	867	937
ENDPOINT_IN_HSP	2	24	-1	33	46	962	975
ENDPOINT_IN_HSP	3	24	-1	8	21	962	975
ENDPOINT_IN_HSP	4	15	-1	64	66	116	118
ENDPOINT_IN_HSP	5	15	-1	39	41	116	118
ENDPOINT_IN_HSP	6	38	-1	2	82	904	990
ENDPOINT_IN_HSP	7	28	-1	10	57	944	990
ENDPOINT_OUTPUT	8	8
ENDPOINT_OUT_HSP	0	24	-1	33	46	962	975
ENDPOINT_OUT_HSP	1	15	-1	64	66	116	118
ENDPOINT_OUT_HSP	2	38	-1	2	82	904	990
ENDPOINT_OUT_HSP	3	656	-1	0	120	842	962
ENDPOINT_OUT_HSP	4	24	-1	8	21	962	975
ENDPOINT_OUT_HSP	5	15	-1	39	41	116	118
ENDPOINT_OUT_HSP	6	28	-1	10	57	944	990
ENDPOINT_OUT_HSP	7	393	-1	0	70	867	937
CONTAINS	0	-2	0	120	521	641
CONTAINS	0	-2	0	70	546	616
CONTAINS	0	-2	17	30	954	967
CONTAINS	0	-2	55	62	1068	1075
CONTAINS	0	-2	30	37	1068	1075
CONTAINS	0	-2	100	103	1003	1006
ENDPOINT_INPUT	1	6
ENDPOINT_IN_HSP	0	656	-2	0	120	521	641
ENDPOINT_IN_HSP	1	393	-2	0	70	546	616
ENDPOINT_IN_HSP	2	36	-2	17	30	954	967
ENDPOINT_IN_HSP	3	15	-2	55	62	1068	1075
ENDPOINT_IN_HSP	4	15	-2	30	37	1068	1075
ENDPOINT_IN_HSP	5	13	-2	100	103	1003	1006
ENDPOINT_OUTPUT	6	6
ENDPOINT_OUT_HSP	0	36	-2	17	30	954	967
ENDPOINT_OUT_HSP	1	15	-2	55	62	1068	1075
ENDPOINT_OUT_HSP	2	13	-2	100	103	1003	1006
ENDPOINT_OUT_HSP	3	656	-2	0	120	521	641
ENDPOINT_OUT_HSP	4	15	-2	30	37	1068	1075
ENDPOINT_OUT_HSP	5	393	-2	0	70	546	616
CONTAINS	0	-3	0	120	200	320
CONTAINS	0	-3	0	70	225	295
CONTAINS	0	-3	12	19	1430	1437
CONTAINS	1	-3	62	65	202	205
CONTAINS	0	-3	37	40	202	205
CONTAINS	0	-3	78	94	49	65
CONTAINS	0	-3	53	69	49	65
ENDPOINT_INPUT	1	6
ENDPOINT_IN_HSP	0	656	-3	0	120	200	320
ENDPOINT_IN_HSP	1	393	-3	0	70	225	295
ENDPOINT_IN_HSP	2	26	-3	12	19	1430	1437
ENDPOINT_IN_HSP	3	28	-3	37	61	202	226
ENDPOINT_IN_HSP	4	27	-3	78	118	49	92
ENDPOINT_IN_HSP	5	22	-3	53	69	49	65
ENDPOINT_OUTPUT	6	6
ENDPOINT_OUT_HSP	0	26	-3	12	19	1430	1437
ENDPOINT_OUT_HSP	1	27	-3	78	118	49	92
ENDPOINT_OUT_HSP	2	656	-3	0	120	200	320
ENDPOINT_OUT_HSP	3	28	-3	37	61	202	226
ENDPOINT_OUT_HSP	4	22	-3	53	69	49	65
ENDPOINT_OUT_HSP	5	393	-3	0	70	225	295
TRACEBACK_INPUT	0	13
TRACEBACK_CONTEXT	1	13
TRACEBACK_IN_HSP	0	0	393	1	0	70	225	295
TRACEBACK_IN_CONTEXT_HSP	1	0	1
TRACEBACK_IN_HSP	0	1	393	-3	0	70	225	295
TRACEBACK_IN_CONTEXT_HSP	1	1	1
TRACEBACK_IN_HSP	0	2	393	2	0	70	546	616
TRACEBACK_IN_CONTEXT_HSP	1	2	1
TRACEBACK_IN_HSP	0	3	393	-2	0	70	546	616
TRACEBACK_IN_CONTEXT_HSP	1	3	1
TRACEBACK_IN_HSP	0	4	393	3	0	70	867	937
TRACEBACK_IN_CONTEXT_HSP	1	4	1
TRACEBACK_IN_HSP	0	5	393	-1	0	70	867	937
TRACEBACK_IN_CONTEXT_HSP	1	5	1
TRACEBACK_IN_HSP	0	6	28	-3	37	61	202	226
TRACEBACK_IN_CONTEXT_HSP	1	6	1
TRACEBACK_IN_HSP	0	7	28	-1	10	57	944	990
TRACEBACK_IN_CONTEXT_HSP	1	7	1
TRACEBACK_IN_HSP	0	8	24	-1	8	21	962	975
TRACEBACK_IN_CONTEXT_HSP	1	8	1
TRACEBACK_IN_HSP	0	9	22	-3	53	69	49	65
TRACEBACK_IN_CONTEXT_HSP	1	9	1
TRACEBACK_IN_HSP	0	10	18	3	6	21	1150	1165
TRACEBACK_IN_CONTEXT_HSP	1	10	1
TRACEBACK_IN_HSP	0	11	15	-1	39	41	116	118
TRACEBACK_IN_CONTEXT_HSP	1	11	1
TRACEBACK_IN_HSP	0	12	15	-2	30	37	1068	1075
TRACEBACK_IN_CONTEXT_HSP	1	12	1
CONTAINS	0	1	0	70	225	295
TARGET_TRANSLATION	1	225	295	192	328	328	1
TRACEBACK_OUTPUT	0	0	13	1
TRACEBACK_OUT_HSP	0	0	393	1	0	70	225	295
TRACEBACK_OUT_HSP	0	1	393	-3	0	70	225	295
TRACEBACK_OUT_HSP	0	2	393	2	0	70	546	616
TRACEBACK_OUT_HSP	0	3	393	-2	0	70	546	616
TRACEBACK_OUT_HSP	0	4	393	3	0	70	867	937
TRACEBACK_OUT_HSP	0	5	393	-1	0	70	867	937
TRACEBACK_OUT_HSP	0	6	28	-3	37	61	202	226
TRACEBACK_OUT_HSP	0	7	28	-1	10	57	944	990
TRACEBACK_OUT_HSP	0	8	24	-1	8	21	962	975
TRACEBACK_OUT_HSP	0	9	22	-3	53	69	49	65
TRACEBACK_OUT_HSP	0	10	18	3	6	21	1150	1165
TRACEBACK_OUT_HSP	0	11	15	-1	39	41	116	118
TRACEBACK_OUT_HSP	0	12	15	-2	30	37	1068	1075
TRACEBACK_INPUT	0	13
TRACEBACK_CONTEXT	1	13
TRACEBACK_IN_HSP	0	0	393	1	0	70	225	295
TRACEBACK_IN_CONTEXT_HSP	1	0	1
TRACEBACK_IN_HSP	0	1	393	-3	0	70	225	295
TRACEBACK_IN_CONTEXT_HSP	1	1	1
TRACEBACK_IN_HSP	0	2	393	2	0	70	546	616
TRACEBACK_IN_CONTEXT_HSP	1	2	1
TRACEBACK_IN_HSP	0	3	393	-2	0	70	546	616
TRACEBACK_IN_CONTEXT_HSP	1	3	1
TRACEBACK_IN_HSP	0	4	393	3	0	70	867	937
TRACEBACK_IN_CONTEXT_HSP	1	4	1
TRACEBACK_IN_HSP	0	5	393	-1	0	70	867	937
TRACEBACK_IN_CONTEXT_HSP	1	5	1
TRACEBACK_IN_HSP	0	6	28	-3	37	61	202	226
TRACEBACK_IN_CONTEXT_HSP	1	6	1
TRACEBACK_IN_HSP	0	7	28	-1	10	57	944	990
TRACEBACK_IN_CONTEXT_HSP	1	7	1
TRACEBACK_IN_HSP	0	8	24	-1	8	21	962	975
TRACEBACK_IN_CONTEXT_HSP	1	8	1
TRACEBACK_IN_HSP	0	9	22	-3	53	69	49	65
TRACEBACK_IN_CONTEXT_HSP	1	9	1
TRACEBACK_IN_HSP	0	10	18	3	6	21	1150	1165
TRACEBACK_IN_CONTEXT_HSP	1	10	1
TRACEBACK_IN_HSP	0	11	15	-1	39	41	116	118
TRACEBACK_IN_CONTEXT_HSP	1	11	1
TRACEBACK_IN_HSP	0	12	15	-2	30	37	1068	1075
TRACEBACK_IN_CONTEXT_HSP	1	12	1
CONTAINS	0	1	0	70	225	295
TARGET_TRANSLATION	1	-1	0	0	2125	2125	1
HSP_TEST	0	70	0	70	225	295
CONTAINS	0	-3	0	70	225	295
TARGET_TRANSLATION	-3	-1	0	0	2125	2125	1
HSP_TEST	0	70	0	70	225	295
CONTAINS	0	2	0	70	546	616
TARGET_TRANSLATION	2	-1	0	0	2125	2125	1
HSP_TEST	0	70	0	70	546	616
CONTAINS	0	-2	0	70	546	616
TARGET_TRANSLATION	-2	-1	0	0	2125	2125	1
HSP_TEST	0	70	0	70	546	616
CONTAINS	0	3	0	70	867	937
TARGET_TRANSLATION	3	-1	0	0	2125	2125	1
HSP_TEST	0	70	0	70	867	937
CONTAINS	0	-1	0	70	867	937
TARGET_TRANSLATION	-1	-1	0	0	2125	2125	1
HSP_TEST	0	70	0	70	867	937
CONTAINS	0	-3	37	61	202	226
TARGET_TRANSLATION	-3	-1	0	0	2125	2125	1
HSP_TEST	0	93	37	70	202	295
CONTAINS	0	-1	10	57	944	990
TARGET_TRANSLATION	-1	-1	0	0	2125	2125	1
HSP_TEST	0	123	0	57	867	990
CONTAINS	0	-1	8	21	962	975
TARGET_TRANSLATION	-1	-1	0	0	2125	2125	1
HSP_TEST	0	13	8	21	962	975
CONTAINS	0	-3	53	69	49	65
TARGET_TRANSLATION	-3	-1	0	0	2125	2125	1
HSP_TEST	0	16	53	69	49	65
CONTAINS	0	3	6	21	1150	1165
TARGET_TRANSLATION	3	-1	0	0	2125	2125	1
HSP_TEST	0	15	6	21	1150	1165
CONTAINS	0	-1	39	41	116	118
TARGET_TRANSLATION	-1	-1	0	0	2125	2125	1
HSP_TEST	0	2	39	41	116	118
CONTAINS	0	-2	30	37	1068	1075
TARGET_TRANSLATION	-2	-1	0	0	2125	2125	1
HSP_TEST	0	7	30	37	1068	1075
ENDPOINT_INPUT	0	13
ENDPOINT_IN_HSP	0	393	1	0	70	225	295
ENDPOINT_IN_HSP	1	393	-3	0	70	225	295
ENDPOINT_IN_HSP	2	393	2	0	70	546	616
ENDPOINT_IN_HSP	3	393	-2	0	70	546	616
ENDPOINT_IN_HSP	4	393	3	0	70	867	937
ENDPOINT_IN_HSP	5	393	-1	0	70	867	937
ENDPOINT_IN_HSP	6	63	-3	37	70	202	295
ENDPOINT_IN_HSP	7	104	-1	0	57	867	990
ENDPOINT_IN_HSP	8	24	-1	8	21	962	975
ENDPOINT_IN_HSP	9	22	-3	53	69	49	65
ENDPOINT_IN_HSP	10	18	3	6	21	1150	1165
ENDPOINT_IN_HSP	11	15	-1	39	41	116	118
ENDPOINT_IN_HSP	12	15	-2	30	37	1068	1075
ENDPOINT_OUTPUT	11	11
ENDPOINT_OUT_HSP	0	24	-1	8	21	962	975
ENDPOINT_OUT_HSP	1	18	3	6	21	1150	1165
ENDPOINT_OUT_HSP	2	15	-2	30	37	1068	1075
ENDPOINT_OUT_HSP	3	15	-1	39	41	116	118
ENDPOINT_OUT_HSP	4	22	-3	53	69	49	65
ENDPOINT_OUT_HSP	5	393	1	0	70	225	295
ENDPOINT_OUT_HSP	6	393	-3	0	70	225	295
ENDPOINT_OUT_HSP	7	393	2	0	70	546	616
ENDPOINT_OUT_HSP	8	393	-2	0	70	546	616
ENDPOINT_OUT_HSP	9	393	3	0	70	867	937
ENDPOINT_OUT_HSP	10	393	-1	0	70	867	937
CONTAINS	0	1	0	70	225	295
CONTAINS	0	-3	0	70	225	295
CONTAINS	0	2	0	70	546	616
CONTAINS	0	-2	0	70	546	616
CONTAINS	0	3	0	70	867	937
CONTAINS	0	-1	0	70	867	937
CONTAINS	0	-1	8	21	962	975
CONTAINS	0	-3	53	69	49	65
CONTAINS	0	3	6	21	1150	1165
CONTAINS	0	-1	39	41	116	118
CONTAINS	0	-2	30	37	1068	1075
TRACEBACK_OUTPUT	0	0	11	0
TRACEBACK_OUT_HSP	0	0	393	1	0	70	225	295
TRACEBACK_OUT_HSP	0	1	393	-3	0	70	225	295
TRACEBACK_OUT_HSP	0	2	393	2	0	70	546	616
TRACEBACK_OUT_HSP	0	3	393	-2	0	70	546	616
TRACEBACK_OUT_HSP	0	4	393	3	0	70	867	937
TRACEBACK_OUT_HSP	0	5	393	-1	0	70	867	937
TRACEBACK_OUT_HSP	0	6	24	-1	8	21	962	975
TRACEBACK_OUT_HSP	0	7	22	-3	53	69	49	65
TRACEBACK_OUT_HSP	0	8	18	3	6	21	1150	1165
TRACEBACK_OUT_HSP	0	9	15	-1	39	41	116	118
TRACEBACK_OUT_HSP	0	10	15	-2	30	37	1068	1075
INJECT_START	0	0	0	20
TRACEBACK_INPUT	0	18
TRACEBACK_CONTEXT	0	18
TRACEBACK_IN_HSP	0	0	656	1	0	20	0	20
TRACEBACK_IN_CONTEXT_HSP	0	0	0
TRACEBACK_IN_HSP	0	1	656	-3	0	120	200	320
TRACEBACK_IN_CONTEXT_HSP	0	1	0
TRACEBACK_IN_HSP	0	2	656	2	0	120	521	641
TRACEBACK_IN_CONTEXT_HSP	0	2	0
TRACEBACK_IN_HSP	0	3	656	-2	0	120	521	641
TRACEBACK_IN_CONTEXT_HSP	0	3	0
TRACEBACK_IN_HSP	0	4	656	3	0	120	842	962
TRACEBACK_IN_CONTEXT_HSP	0	4	0
TRACEBACK_IN_HSP	0	5	656	-1	0	120	842	962
TRACEBACK_IN_CONTEXT_HSP	0	5	0
TRACEBACK_IN_HSP	0	6	38	-1	2	82	904	990
TRACEBACK_IN_CONTEXT_HSP	0	6	0
TRACEBACK_IN_HSP	0	7	36	-2	17	30	954	967
TRACEBACK_IN_CONTEXT_HSP	0	7	0
TRACEBACK_IN_HSP	0	8	27	-3	78	118	49	92
TRACEBACK_IN_CONTEXT_HSP	0	8	0
TRACEBACK_IN_HSP	0	9	26	-3	12	19	1430	1437
TRACEBACK_IN_CONTEXT_HSP	0	9	0
TRACEBACK_IN_HSP	0	10	24	-1	33	46	962	975
TRACEBACK_IN_CONTEXT_HSP	0	10	0
TRACEBACK_IN_HSP	0	11	20	1	17	36	1703	1722
TRACEBACK_IN_CONTEXT_HSP	0	11	0
TRACEBACK_IN_HSP	0	12	18	3	31	46	1150	1165
TRACEBACK_IN_CONTEXT_HSP	0	12	0
TRACEBACK_IN_HSP	0	13	17	3	42	64	1642	1662
TRACEBACK_IN_CONTEXT_HSP	0	13	0
TRACEBACK_IN_HSP	0	14	15	-1	64	66	116	118
TRACEBACK_IN_CONTEXT_HSP	0	14	0
TRACEBACK_IN_HSP	0	15	15	-2	55	62	1068	1075
TRACEBACK_IN_CONTEXT_HSP	0	15	0
TRACEBACK_IN_HSP	0	16	13	-2	100	103	1003	1006
TRACEBACK_IN_CONTEXT_HSP	0	16	0
TRACEBACK_IN_HSP	0	17	13	3	50	53	1011	1014
TRACEBACK_IN_CONTEXT_HSP	0	17	0
CONTAINS	0	1	0	20	0	20
TARGET_TRANSLATION	1	0	20	0	53	53	1
START_RESULT	0	0	20	0	20	-1	-1
CONTAINS	0	-3	0	120	200	320
TARGET_TRANSLATION	-3	200	320	167	352	352	1
TRACEBACK_OUTPUT	0	0	18	1
TRACEBACK_OUT_HSP	0	0	656	1	0	20	0	20
TRACEBACK_OUT_HSP	0	1	656	-3	0	120	200	320
TRACEBACK_OUT_HSP	0	2	656	2	0	120	521	641
TRACEBACK_OUT_HSP	0	3	656	-2	0	120	521	641
TRACEBACK_OUT_HSP	0	4	656	3	0	120	842	962
TRACEBACK_OUT_HSP	0	5	656	-1	0	120	842	962
TRACEBACK_OUT_HSP	0	6	38	-1	2	82	904	990
TRACEBACK_OUT_HSP	0	7	36	-2	17	30	954	967
TRACEBACK_OUT_HSP	0	8	27	-3	78	118	49	92
TRACEBACK_OUT_HSP	0	9	26	-3	12	19	1430	1437
TRACEBACK_OUT_HSP	0	10	24	-1	33	46	962	975
TRACEBACK_OUT_HSP	0	11	20	1	17	36	1703	1722
TRACEBACK_OUT_HSP	0	12	18	3	31	46	1150	1165
TRACEBACK_OUT_HSP	0	13	17	3	42	64	1642	1662
TRACEBACK_OUT_HSP	0	14	15	-1	64	66	116	118
TRACEBACK_OUT_HSP	0	15	15	-2	55	62	1068	1075
TRACEBACK_OUT_HSP	0	16	13	-2	100	103	1003	1006
TRACEBACK_OUT_HSP	0	17	13	3	50	53	1011	1014
AFTER_START_HSP	0	656	0	20	0	0	20	0
INJECT_START	0	0	0	20
TRACEBACK_INPUT	0	18
TRACEBACK_CONTEXT	0	18
TRACEBACK_IN_HSP	0	0	656	1	0	20	0	20
TRACEBACK_IN_CONTEXT_HSP	0	0	0
TRACEBACK_IN_HSP	0	1	656	-3	0	120	200	320
TRACEBACK_IN_CONTEXT_HSP	0	1	0
TRACEBACK_IN_HSP	0	2	656	2	0	120	521	641
TRACEBACK_IN_CONTEXT_HSP	0	2	0
TRACEBACK_IN_HSP	0	3	656	-2	0	120	521	641
TRACEBACK_IN_CONTEXT_HSP	0	3	0
TRACEBACK_IN_HSP	0	4	656	3	0	120	842	962
TRACEBACK_IN_CONTEXT_HSP	0	4	0
TRACEBACK_IN_HSP	0	5	656	-1	0	120	842	962
TRACEBACK_IN_CONTEXT_HSP	0	5	0
TRACEBACK_IN_HSP	0	6	38	-1	2	82	904	990
TRACEBACK_IN_CONTEXT_HSP	0	6	0
TRACEBACK_IN_HSP	0	7	36	-2	17	30	954	967
TRACEBACK_IN_CONTEXT_HSP	0	7	0
TRACEBACK_IN_HSP	0	8	27	-3	78	118	49	92
TRACEBACK_IN_CONTEXT_HSP	0	8	0
TRACEBACK_IN_HSP	0	9	26	-3	12	19	1430	1437
TRACEBACK_IN_CONTEXT_HSP	0	9	0
TRACEBACK_IN_HSP	0	10	24	-1	33	46	962	975
TRACEBACK_IN_CONTEXT_HSP	0	10	0
TRACEBACK_IN_HSP	0	11	20	1	17	36	1703	1722
TRACEBACK_IN_CONTEXT_HSP	0	11	0
TRACEBACK_IN_HSP	0	12	18	3	31	46	1150	1165
TRACEBACK_IN_CONTEXT_HSP	0	12	0
TRACEBACK_IN_HSP	0	13	17	3	42	64	1642	1662
TRACEBACK_IN_CONTEXT_HSP	0	13	0
TRACEBACK_IN_HSP	0	14	15	-1	64	66	116	118
TRACEBACK_IN_CONTEXT_HSP	0	14	0
TRACEBACK_IN_HSP	0	15	15	-2	55	62	1068	1075
TRACEBACK_IN_CONTEXT_HSP	0	15	0
TRACEBACK_IN_HSP	0	16	13	-2	100	103	1003	1006
TRACEBACK_IN_CONTEXT_HSP	0	16	0
TRACEBACK_IN_HSP	0	17	13	3	50	53	1011	1014
TRACEBACK_IN_CONTEXT_HSP	0	17	0
CONTAINS	0	1	0	20	0	20
TARGET_TRANSLATION	1	-1	0	0	2125	2125	1
START_RESULT	0	0	20	0	20	-1	-1
CONTAINS	0	-3	0	120	200	320
TARGET_TRANSLATION	-3	-1	0	0	2125	2125	1
HSP_TEST	0	120	0	120	200	320
CONTAINS	0	2	0	120	521	641
TARGET_TRANSLATION	2	-1	0	0	2125	2125	1
HSP_TEST	0	120	0	120	521	641
CONTAINS	0	-2	0	120	521	641
TARGET_TRANSLATION	-2	-1	0	0	2125	2125	1
HSP_TEST	0	120	0	120	521	641
CONTAINS	0	3	0	120	842	962
TARGET_TRANSLATION	3	-1	0	0	2125	2125	1
HSP_TEST	0	120	0	120	842	962
CONTAINS	0	-1	0	120	842	962
TARGET_TRANSLATION	-1	-1	0	0	2125	2125	1
HSP_TEST	0	120	0	120	842	962
CONTAINS	0	-1	2	82	904	990
TARGET_TRANSLATION	-1	-1	0	0	2125	2125	1
HSP_TEST	0	148	0	82	842	990
CONTAINS	0	-2	17	30	954	967
TARGET_TRANSLATION	-2	-1	0	0	2125	2125	1
HSP_TEST	0	13	17	30	954	967
CONTAINS	0	-3	78	118	49	92
TARGET_TRANSLATION	-3	-1	0	0	2125	2125	1
HSP_TEST	0	43	78	118	49	92
CONTAINS	0	-3	12	19	1430	1437
TARGET_TRANSLATION	-3	-1	0	0	2125	2125	1
HSP_TEST	0	7	12	19	1430	1437
CONTAINS	0	-1	33	46	962	975
TARGET_TRANSLATION	-1	-1	0	0	2125	2125	1
HSP_TEST	0	13	33	46	962	975
CONTAINS	0	1	17	36	1703	1722
TARGET_TRANSLATION	1	-1	0	0	2125	2125	1
HSP_TEST	0	19	17	36	1703	1722
CONTAINS	0	3	31	46	1150	1165
TARGET_TRANSLATION	3	-1	0	0	2125	2125	1
HSP_TEST	0	15	31	46	1150	1165
CONTAINS	0	3	42	64	1642	1662
TARGET_TRANSLATION	3	-1	0	0	2125	2125	1
HSP_TEST	0	22	42	64	1642	1662
CONTAINS	0	-1	64	66	116	118
TARGET_TRANSLATION	-1	-1	0	0	2125	2125	1
HSP_TEST	0	2	64	66	116	118
CONTAINS	0	-2	55	62	1068	1075
TARGET_TRANSLATION	-2	-1	0	0	2125	2125	1
HSP_TEST	0	7	55	62	1068	1075
CONTAINS	0	-2	100	103	1003	1006
TARGET_TRANSLATION	-2	-1	0	0	2125	2125	1
HSP_TEST	0	3	100	103	1003	1006
CONTAINS	0	3	50	53	1011	1014
TARGET_TRANSLATION	3	-1	0	0	2125	2125	1
HSP_TEST	0	3	50	53	1011	1014
ENDPOINT_INPUT	0	17
ENDPOINT_IN_HSP	0	656	-3	0	120	200	320
ENDPOINT_IN_HSP	1	656	2	0	120	521	641
ENDPOINT_IN_HSP	2	656	-2	0	120	521	641
ENDPOINT_IN_HSP	3	656	3	0	120	842	962
ENDPOINT_IN_HSP	4	656	-1	0	120	842	962
ENDPOINT_IN_HSP	5	236	-1	0	82	842	990
ENDPOINT_IN_HSP	6	36	-2	17	30	954	967
ENDPOINT_IN_HSP	7	27	-3	78	118	49	92
ENDPOINT_IN_HSP	8	26	-3	12	19	1430	1437
ENDPOINT_IN_HSP	9	24	-1	33	46	962	975
ENDPOINT_IN_HSP	10	20	1	17	36	1703	1722
ENDPOINT_IN_HSP	11	18	3	31	46	1150	1165
ENDPOINT_IN_HSP	12	17	3	42	64	1642	1662
ENDPOINT_IN_HSP	13	15	-1	64	66	116	118
ENDPOINT_IN_HSP	14	15	-2	55	62	1068	1075
ENDPOINT_IN_HSP	15	13	-2	100	103	1003	1006
ENDPOINT_IN_HSP	16	13	3	50	53	1011	1014
ENDPOINT_OUTPUT	16	16
ENDPOINT_OUT_HSP	0	26	-3	12	19	1430	1437
ENDPOINT_OUT_HSP	1	36	-2	17	30	954	967
ENDPOINT_OUT_HSP	2	20	1	17	36	1703	1722
ENDPOINT_OUT_HSP	3	24	-1	33	46	962	975
ENDPOINT_OUT_HSP	4	18	3	31	46	1150	1165
ENDPOINT_OUT_HSP	5	13	3	50	53	1011	1014
ENDPOINT_OUT_HSP	6	15	-2	55	62	1068	1075
ENDPOINT_OUT_HSP	7	17	3	42	64	1642	1662
ENDPOINT_OUT_HSP	8	15	-1	64	66	116	118
ENDPOINT_OUT_HSP	9	13	-2	100	103	1003	1006
ENDPOINT_OUT_HSP	10	27	-3	78	118	49	92
ENDPOINT_OUT_HSP	11	656	-3	0	120	200	320
ENDPOINT_OUT_HSP	12	656	2	0	120	521	641
ENDPOINT_OUT_HSP	13	656	-2	0	120	521	641
ENDPOINT_OUT_HSP	14	656	3	0	120	842	962
ENDPOINT_OUT_HSP	15	656	-1	0	120	842	962
CONTAINS	0	-3	0	120	200	320
CONTAINS	0	2	0	120	521	641
CONTAINS	0	-2	0	120	521	641
CONTAINS	0	3	0	120	842	962
CONTAINS	0	-1	0	120	842	962
CONTAINS	0	-2	17	30	954	967
CONTAINS	0	-3	78	118	49	92
CONTAINS	0	-3	12	19	1430	1437
CONTAINS	0	-1	33	46	962	975
CONTAINS	0	1	17	36	1703	1722
CONTAINS	0	3	31	46	1150	1165
CONTAINS	0	3	42	64	1642	1662
CONTAINS	0	-1	64	66	116	118
CONTAINS	0	-2	55	62	1068	1075
CONTAINS	0	-2	100	103	1003	1006
CONTAINS	0	3	50	53	1011	1014
TRACEBACK_OUTPUT	0	0	16	0
TRACEBACK_OUT_HSP	0	0	656	-3	0	120	200	320
TRACEBACK_OUT_HSP	0	1	656	2	0	120	521	641
TRACEBACK_OUT_HSP	0	2	656	-2	0	120	521	641
TRACEBACK_OUT_HSP	0	3	656	3	0	120	842	962
TRACEBACK_OUT_HSP	0	4	656	-1	0	120	842	962
TRACEBACK_OUT_HSP	0	5	36	-2	17	30	954	967
TRACEBACK_OUT_HSP	0	6	27	-3	78	118	49	92
TRACEBACK_OUT_HSP	0	7	26	-3	12	19	1430	1437
TRACEBACK_OUT_HSP	0	8	24	-1	33	46	962	975
TRACEBACK_OUT_HSP	0	9	20	1	17	36	1703	1722
TRACEBACK_OUT_HSP	0	10	18	3	31	46	1150	1165
TRACEBACK_OUT_HSP	0	11	17	3	42	64	1642	1662
TRACEBACK_OUT_HSP	0	12	15	-1	64	66	116	118
TRACEBACK_OUT_HSP	0	13	15	-2	55	62	1068	1075
TRACEBACK_OUT_HSP	0	14	13	-2	100	103	1003	1006
TRACEBACK_OUT_HSP	0	15	13	3	50	53	1011	1014
AFTER_START_HSP	0	656	0	120	29	200	320	229
