K_CALL	0	redo_enter	1	0.0083437500000000005	-1	1	360	2	1	0	576	1	10	28	0
K_ALIGN	0	incoming	-1	0	20992	-1	0	0	120	0	120	1
K_CALL	1	partial_translation	360	1	0	120
K_TRANSLATED	1	0c120516140b1313130701070713070a11140b12090f0b090f0d080613140516040e120905041116100a0f14130904070512030b0b04090b041201070f05051614010c10040f160c1012070507060b03130601090d0d120a1106050409080f1610050f090a10130a04110404130e0c130b13070d0a03040b
K_CALL	2	adjust_scores	120	120	2	20	0	4	-1	1
K_CALL	0	redo_return	0	-1	1
K_ALIGN	0	redone	0	0	20493	4	0	0	120	0	120	1
K_CALL	3	redo_enter	1	0.0083437500000000005	-1	1	360	2	1	0	576	1	10	28	0
K_ALIGN	3	incoming	-1	0	20992	-1	0	0	120	0	120	1
K_CALL	4	partial_translation	360	1	0	120
K_TRANSLATED	4	0c120516140b1313130701070713070a11140b12090f0b090f0d080613140516040e120905041116100a0f14130904070512030b0b04090b041201070f05051614010c10040f160c1012070507060b03130601090d0d120a1106050409080f1610050f090a10130a04110404130e0c130b13070d0a03040b
K_CALL	5	adjust_scores	120	120	2	20	0	4	-1	1
K_CALL	3	redo_return	0	-1	1
K_ALIGN	3	redone	0	0	20493	4	0	0	120	0	120	1
K_CALL	6	redo_enter	1	0.0083437500000000005	-1	1	360	2	1	0	576	1	10	28	0
K_ALIGN	6	incoming	-1	0	20992	-1	0	0	120	0	120	1
K_CALL	7	partial_translation	360	1	0	120
K_TRANSLATED	7	0c120516140b1313130701070713070a11140b12090f0b090f0d080613140516040e120905041116100a0f14130904070512150b0b04090b041201070f05051614010c10040f160c1012070507060b03130601090d0d120a1106050409080f1610050f090a10130a04110404130e0c130b13070d0a03040b
K_CALL	8	adjust_scores	120	120	2	20	0	4	-1	1
K_CALL	6	redo_return	0	-1	1
K_ALIGN	6	redone	0	0	20193	4	0	0	120	0	120	1
K_CALL	9	redo_enter	1	0.0083437500000000005	-1	1	362	2	1	0	576	1	10	28	0
K_ALIGN	9	incoming	-1	0	20992	-1	0	0	120	0	120	1
K_CALL	10	partial_translation	360	1	0	120
K_TRANSLATED	10	0c120516140b1313130701070713070a11140b12090f0b090f0d080613140516040e120905041116100a0f14130904070512030b0b04090b041201070f05051614010c10040f160c1012070507060b03130601090d0d120a1106050409080f1610050f090a10130a04110404130e0c130b13070d0a03040b
K_CALL	11	adjust_scores	120	120	2	20	0	4	-1	1
K_CALL	9	redo_return	0	-1	1
K_ALIGN	9	redone	0	0	20493	4	0	0	120	0	120	1
K_CALL	12	redo_enter	1	0.0083437500000000005	-1	1	362	2	1	0	576	1	10	28	0
K_ALIGN	12	incoming	-1	0	20992	-1	0	0	120	0	120	-3
K_CALL	13	partial_translation	362	-3	0	120
K_TRANSLATED	13	0c120516140b1313130701070713070a11140b12090f0b090f0d080613140516040e120905041116100a0f14130904070512030b0b04090b041201070f05051614010c10040f160c1012070507060b03130601090d0d120a1106050409080f1610050f090a10130a04110404130e0c130b13070d0a03040b
K_CALL	14	adjust_scores	120	120	2	20	0	4	-1	1
K_CALL	12	redo_return	0	-1	1
K_ALIGN	12	redone	0	0	20493	4	0	0	120	0	120	-3
K_CALL	15	redo_enter	1	0.0083437500000000005	-1	1	362	2	1	0	576	1	10	28	0
K_ALIGN	15	incoming	-1	0	20992	-1	0	0	120	0	120	-2
K_CALL	16	partial_translation	361	-2	0	120
K_TRANSLATED	16	0c120516140b1313130701070713070a11140b12090f0b090f0d080613140516040e120905041116100a0f14130904070512030b0b04090b041201070f05051614010c10040f160c1012070507060b03130601090d0d120a1106050409080f1610050f090a10130a04110404130e0c130b13070d0a03040b
K_CALL	17	adjust_scores	120	120	2	20	0	4	-1	1
K_CALL	15	redo_return	0	-1	1
K_ALIGN	15	redone	0	0	20493	4	0	0	120	0	120	-2
K_CALL	18	redo_enter	1	0.0083437500000000005	-1	1	362	2	1	0	576	1	10	28	0
K_ALIGN	18	incoming	-1	0	20992	-1	0	0	120	0	120	-1
K_CALL	19	partial_translation	360	-1	0	120
K_TRANSLATED	19	0c120516140b1313130701070713070a11140b12090f0b090f0d080613140516040e120905041116100a0f14130904070512030b0b04090b041201070f05051614010c10040f160c1012070507060b03130601090d0d120a1106050409080f1610050f090a10130a04110404130e0c130b13070d0a03040b
K_CALL	20	adjust_scores	120	120	2	20	0	4	-1	1
K_CALL	18	redo_return	0	-1	1
K_ALIGN	18	redone	0	0	20493	4	0	0	120	0	120	-1
K_CALL	21	redo_enter	1	0.0083437500000000005	-1	1	362	2	1	0	576	1	10	28	0
K_ALIGN	21	incoming	-1	0	20992	-1	0	0	120	0	120	3
K_CALL	22	partial_translation	362	3	0	120
K_TRANSLATED	22	0c120516140b1313130701070713070a11140b12090f0b090f0d080613140516040e120905041116100a0f14130904070512030b0b04090b041201070f05051614010c10040f160c1012070507060b03130601090d0d120a1106050409080f1610050f090a10130a04110404130e0c130b13070d0a03040b
K_CALL	23	adjust_scores	120	120	2	20	0	4	-1	1
K_CALL	21	redo_return	0	-1	1
K_ALIGN	21	redone	0	0	20493	4	0	0	120	0	120	3
K_CALL	24	redo_enter	1	0.0083437500000000005	-1	1	362	2	1	0	576	1	10	28	0
K_ALIGN	24	incoming	-1	0	20992	-1	0	0	120	0	120	2
K_CALL	25	partial_translation	361	2	0	120
K_TRANSLATED	25	0c120516140b1313130701070713070a11140b12090f0b090f0d080613140516040e120905041116100a0f14130904070512030b0b04090b041201070f05051614010c10040f160c1012070507060b03130601090d0d120a1106050409080f1610050f090a10130a04110404130e0c130b13070d0a03040b
K_CALL	26	adjust_scores	120	120	2	20	0	4	-1	1
K_CALL	24	redo_return	0	-1	1
K_ALIGN	24	redone	0	0	20493	4	0	0	120	0	120	2
K_CALL	27	redo_enter	1	0.0083437500000000005	-1	1	362	2	1	0	576	1	10	28	0
K_ALIGN	27	incoming	-1	0	20992	-1	0	0	120	0	120	1
K_CALL	28	partial_translation	360	1	0	120
K_TRANSLATED	28	0c120516140b1313130701070713070a11140b12090f0b090f0d080613140516040e120905041116100a0f14130904070512030b0b04090b041201070f05051614010c10040f160c1012070507060b03130601090d0d120a1106050409080f1610050f090a10130a04110404130e0c130b13070d0a03040b
K_CALL	29	adjust_scores	120	120	2	20	0	4	-1	1
K_CALL	27	redo_return	0	-1	1
K_ALIGN	27	redone	0	0	20493	4	0	0	120	0	120	1
K_CALL	30	redo_enter	1	0.0083437500000000005	-1	1	360	2	1	0	576	1	10	28	0
K_ALIGN	30	incoming	-1	0	20704	-1	0	0	120	0	120	1
K_CALL	31	partial_translation	360	1	0	120
K_TRANSLATED	31	0c120516140b1313130701070713070a11140b12090f0b090f0d080613140516040e120905041116190a0f14130904070512030b0b04090b041201070f05051614010c10040f160c1012070507060b03130601090d0d120a1106050409080f1610050f090a10130a04110404130e0c130b13070d0a03040b
K_CALL	32	adjust_scores	120	120	2	20	0	4	-1	1
K_CALL	30	redo_return	0	-1	1
K_ALIGN	30	redone	0	0	20156	4	0	0	120	0	120	1
