D_CALL	0	link	41	360	1	40	0.10000000000000001	40	25	0
D_CONTEXT	0	0	120	681408	42
D_LIST	0	link_before	0	0	1	0
D_HSP	0	link_before	0	0	1	40	53	40	53	43	0	0	0	0	0	45
D_CALL	1	evalue	41	120	1	0	0.10000000000000001	1
D_CONTEXT	1	0	120	681408	42
D_LIST	1	evalue_before	0	0	1	0
D_HSP	1	evalue_before	0	0	1	40	53	40	53	43	0	1	0	0	0	45
D_RETURN	1	evalue	0
D_LIST	1	evalue_after	0	0	1	0.27143808250049567
D_HSP	1	evalue_after	0	0	1	40	53	40	53	43	0	1	0.27143808250049567	0	0	45
D_RETURN	0	link	0
D_LIST	0	link_after	0	0	1	0.27143808250049567
D_HSP	0	link_after	0	0	1	40	53	40	53	43	0	1	0.27143808250049567	0	0	45
D_CALL	2	link	41	360	1	40	0.10000000000000001	40	25	0
D_CONTEXT	2	0	120	681408	42
D_LIST	2	link_before	1	0	1	0
D_HSP	2	link_before	0	0	1	32	48	32	48	55	0	0	0	0	0	42
D_CALL	3	evalue	41	120	1	0	0.10000000000000001	1
D_CONTEXT	3	0	120	681408	42
D_LIST	3	evalue_before	1	0	1	0
D_HSP	3	evalue_before	0	0	1	32	48	32	48	55	0	1	0	0	0	42
D_RETURN	3	evalue	0
D_LIST	3	evalue_after	1	0	1	0.0066279262556222006
D_HSP	3	evalue_after	0	0	1	32	48	32	48	55	0	1	0.0066279262556222006	0	0	42
D_RETURN	2	link	0
D_LIST	2	link_after	1	0	1	0.0066279262556222006
D_HSP	2	link_after	0	0	1	32	48	32	48	55	0	1	0.0066279262556222006	0	0	42
D_CALL	4	link	41	360	1	40	0.10000000000000001	40	25	0
D_CONTEXT	4	0	120	681408	42
D_LIST	4	link_before	2	0	1	0
D_HSP	4	link_before	0	0	1	39	60	39	56	59	0	0	0	0	0	44
D_CALL	5	evalue	41	120	1	0	0.10000000000000001	1
D_CONTEXT	5	0	120	681408	42
D_LIST	5	evalue_before	2	0	1	0
D_HSP	5	evalue_before	0	0	1	39	60	39	56	59	0	1	0	0	0	44
D_RETURN	5	evalue	0
D_LIST	5	evalue_after	2	0	1	0.0018930483184955481
D_HSP	5	evalue_after	0	0	1	39	60	39	56	59	0	1	0.0018930483184955481	0	0	44
D_RETURN	4	link	0
D_LIST	4	link_after	2	0	1	0.0018930483184955481
D_HSP	4	link_after	0	0	1	39	60	39	56	59	0	1	0.0018930483184955481	0	0	44
D_CALL	6	link	41	360	1	40	0.10000000000000001	40	25	0
D_CONTEXT	6	0	120	681408	42
D_LIST	6	link_before	3	0	1	0
D_HSP	6	link_before	0	0	1	29	50	31	50	62	0	0	0	0	0	45
D_CALL	7	evalue	41	120	1	0	0.10000000000000001	1
D_CONTEXT	7	0	120	681408	42
D_LIST	7	evalue_before	3	0	1	0
D_HSP	7	evalue_before	0	0	1	29	50	31	50	62	0	1	0	0	0	45
D_RETURN	7	evalue	0
D_LIST	7	evalue_after	3	0	1	0.00073518743091455815
D_HSP	7	evalue_after	0	0	1	29	50	31	50	62	0	1	0.00073518743091455815	0	0	45
D_RETURN	6	link	0
D_LIST	6	link_after	3	0	1	0.00073518743091455815
D_HSP	6	link_after	0	0	1	29	50	31	50	62	0	1	0.00073518743091455815	0	0	45
D_CALL	8	link	41	360	1	40	0.10000000000000001	40	25	0
D_CONTEXT	8	0	120	681408	42
D_LIST	8	link_before	4	0	1	0
D_HSP	8	link_before	0	0	1	40	51	40	51	65	0	0	0	0	0	45
D_CALL	9	evalue	41	120	1	0	0.10000000000000001	1
D_CONTEXT	9	0	120	681408	42
D_LIST	9	evalue_before	4	0	1	0
D_HSP	9	evalue_before	0	0	1	40	51	40	51	65	0	1	0	0	0	45
D_RETURN	9	evalue	0
D_LIST	9	evalue_after	4	0	1	0.00028400732650746231
D_HSP	9	evalue_after	0	0	1	40	51	40	51	65	0	1	0.00028400732650746231	0	0	45
D_RETURN	8	link	0
D_LIST	8	link_after	4	0	1	0.00028400732650746231
D_HSP	8	link_after	0	0	1	40	51	40	51	65	0	1	0.00028400732650746231	0	0	45
D_CALL	10	link	41	360	1	40	0.10000000000000001	40	25	0
D_CONTEXT	10	0	120	681408	42
D_LIST	10	link_before	5	0	2	0
D_HSP	10	link_before	0	0	1	40	52	40	52	69	0	0	0	0	0	45
D_HSP	10	link_before	1	0	-1	50	73	2	25	36	0	0	0	0	0	19
D_CALL	11	evalue	41	120	1	0	0.10000000000000001	1
D_CONTEXT	11	0	120	681408	42
D_LIST	11	evalue_before	5	0	2	0
D_HSP	11	evalue_before	0	0	1	40	52	40	52	69	0	1	0	0	0	45
D_HSP	11	evalue_before	1	0	-1	50	73	2	25	36	0	1	0	0	0	19
D_RETURN	11	evalue	0
D_LIST	11	evalue_after	5	0	2	7.9244698062777276e-05
D_HSP	11	evalue_after	0	0	1	40	52	40	52	69	0	1	7.9244698062777276e-05	0	0	45
D_HSP	11	evalue_after	1	0	-1	50	73	2	25	36	0	1	2.3075157893753131	0	0	19
D_RETURN	10	link	0
D_LIST	10	link_after	5	0	2	7.9244698062777276e-05
D_HSP	10	link_after	0	0	1	40	52	40	52	69	0	1	7.9244698062777276e-05	0	0	45
D_HSP	10	link_after	1	0	-1	50	73	2	25	36	0	1	2.3075157893753131	0	0	19
D_CALL	12	link	41	360	1	40	0.10000000000000001	40	25	0
D_CONTEXT	12	0	120	681408	42
D_LIST	12	link_before	6	0	1	0
D_HSP	12	link_before	0	0	1	32	53	32	53	82	0	0	0	0	0	45
D_CALL	13	evalue	41	120	1	0	0.10000000000000001	1
D_CONTEXT	13	0	120	681408	42
D_LIST	13	evalue_before	6	0	1	0
D_HSP	13	evalue_before	0	0	1	32	53	32	53	82	0	1	0	0	0	45
D_RETURN	13	evalue	0
D_LIST	13	evalue_after	6	0	1	1.1760643244126461e-06
D_HSP	13	evalue_after	0	0	1	32	53	32	53	82	0	1	1.1760643244126461e-06	0	0	45
D_RETURN	12	link	0
D_LIST	12	link_after	6	0	1	1.1760643244126461e-06
D_HSP	12	link_after	0	0	1	32	53	32	53	82	0	1	1.1760643244126461e-06	0	0	45
D_CALL	14	link	41	360	1	40	0.10000000000000001	40	25	0
D_CONTEXT	14	0	120	681408	42
D_LIST	14	link_before	7	0	1	0
D_HSP	14	link_before	0	0	1	40	55	40	55	80	0	0	0	0	0	45
D_CALL	15	evalue	41	120	1	0	0.10000000000000001	1
D_CONTEXT	15	0	120	681408	42
D_LIST	15	evalue_before	7	0	1	0
D_HSP	15	evalue_before	0	0	1	40	55	40	55	80	0	1	0	0	0	45
D_RETURN	15	evalue	0
D_LIST	15	evalue_after	7	0	1	2.2606677259735987e-06
D_HSP	15	evalue_after	0	0	1	40	55	40	55	80	0	1	2.2606677259735987e-06	0	0	45
D_RETURN	14	link	0
D_LIST	14	link_after	7	0	1	2.2606677259735987e-06
D_HSP	14	link_after	0	0	1	40	55	40	55	80	0	1	2.2606677259735987e-06	0	0	45
D_CALL	16	link	41	360	1	40	0.10000000000000001	40	25	0
D_CONTEXT	16	0	120	681408	42
D_LIST	16	link_before	8	0	1	0
D_HSP	16	link_before	0	0	1	37	57	37	57	92	0	0	0	0	0	45
D_CALL	17	evalue	41	120	1	0	0.10000000000000001	1
D_CONTEXT	17	0	120	681408	42
D_LIST	17	evalue_before	8	0	1	0
D_HSP	17	evalue_before	0	0	1	37	57	37	57	92	0	1	0	0	0	45
D_RETURN	17	evalue	0
D_LIST	17	evalue_after	8	0	1	4.3618221040785187e-08
D_HSP	17	evalue_after	0	0	1	37	57	37	57	92	0	1	4.3618221040785187e-08	0	0	45
D_RETURN	16	link	0
D_LIST	16	link_after	8	0	1	4.3618221040785187e-08
D_HSP	16	link_after	0	0	1	37	57	37	57	92	0	1	4.3618221040785187e-08	0	0	45
D_CALL	18	link	41	360	1	40	0.10000000000000001	40	25	0
D_CONTEXT	18	0	120	681408	42
D_LIST	18	link_before	9	0	1	0
D_HSP	18	link_before	0	0	1	40	56	40	56	87	0	0	0	0	0	45
D_CALL	19	evalue	41	120	1	0	0.10000000000000001	1
D_CONTEXT	19	0	120	681408	42
D_LIST	19	evalue_before	9	0	1	0
D_HSP	19	evalue_before	0	0	1	40	56	40	56	87	0	1	0	0	0	45
D_RETURN	19	evalue	0
D_LIST	19	evalue_after	9	0	1	2.2770568526760856e-07
D_HSP	19	evalue_after	0	0	1	40	56	40	56	87	0	1	2.2770568526760856e-07	0	0	45
D_RETURN	18	link	0
D_LIST	18	link_after	9	0	1	2.2770568526760856e-07
D_HSP	18	link_after	0	0	1	40	56	40	56	87	0	1	2.2770568526760856e-07	0	0	45
D_CALL	20	link	41	360	1	40	0.10000000000000001	40	25	0
D_CONTEXT	20	0	120	681408	42
D_LIST	20	link_before	10	0	1	0
D_HSP	20	link_before	0	0	1	40	59	40	59	94	0	0	0	0	0	45
D_CALL	21	evalue	41	120	1	0	0.10000000000000001	1
D_CONTEXT	21	0	120	681408	42
D_LIST	21	evalue_before	10	0	1	0
D_HSP	21	evalue_before	0	0	1	40	59	40	59	94	0	1	0	0	0	45
D_RETURN	21	evalue	0
D_LIST	21	evalue_after	10	0	1	2.2459283157492171e-08
D_HSP	21	evalue_after	0	0	1	40	59	40	59	94	0	1	2.2459283157492171e-08	0	0	45
D_RETURN	20	link	0
D_LIST	20	link_after	10	0	1	2.2459283157492171e-08
D_HSP	20	link_after	0	0	1	40	59	40	59	94	0	1	2.2459283157492171e-08	0	0	45
D_CALL	22	link	41	360	1	40	0.10000000000000001	40	25	0
D_CONTEXT	22	0	120	681408	42
D_LIST	22	link_before	11	0	1	0
D_HSP	22	link_before	0	0	1	40	58	40	58	98	0	0	0	0	0	45
D_CALL	23	evalue	41	120	1	0	0.10000000000000001	1
D_CONTEXT	23	0	120	681408	42
D_LIST	23	evalue_before	11	0	1	0
D_HSP	23	evalue_before	0	0	1	40	58	40	58	98	0	1	0	0	0	45
D_RETURN	23	evalue	0
D_LIST	23	evalue_after	11	0	1	5.9289540854748713e-09
D_HSP	23	evalue_after	0	0	1	40	58	40	58	98	0	1	5.9289540854748713e-09	0	0	45
D_RETURN	22	link	0
D_LIST	22	link_after	11	0	1	5.9289540854748713e-09
D_HSP	22	link_after	0	0	1	40	58	40	58	98	0	1	5.9289540854748713e-09	0	0	45
D_CALL	24	link	41	360	1	40	0.10000000000000001	40	25	0
D_LIST	24	link_before	NULL
D_RETURN	24	link	0
D_LIST	24	link_after	NULL
D_CALL	25	link	41	360	1	40	0.10000000000000001	40	25	0
D_CONTEXT	25	0	120	681408	42
D_LIST	25	link_before	13	0	1	0
D_HSP	25	link_before	0	0	-2	38	63	70	95	25	0	0	0	0	0	75
D_CALL	26	evalue	41	120	1	0	0.10000000000000001	1
D_CONTEXT	26	0	120	681408	42
D_LIST	26	evalue_before	13	0	1	0
D_HSP	26	evalue_before	0	0	-2	38	63	70	95	25	0	1	0	0	0	75
D_RETURN	26	evalue	0
D_LIST	26	evalue_after	13	0	1	65.346711289178032
D_HSP	26	evalue_after	0	0	-2	38	63	70	95	25	0	1	65.346711289178032	0	0	75
D_RETURN	25	link	0
D_LIST	25	link_after	13	0	1	65.346711289178032
D_HSP	25	link_after	0	0	-2	38	63	70	95	25	0	1	65.346711289178032	0	0	75
D_CALL	27	link	41	360	1	40	0.10000000000000001	40	25	0
D_LIST	27	link_before	NULL
D_RETURN	27	link	0
D_LIST	27	link_after	NULL
D_CALL	28	link	41	360	1	40	0.10000000000000001	40	25	0
D_LIST	28	link_before	NULL
D_RETURN	28	link	0
D_LIST	28	link_after	NULL
D_CALL	29	link	41	360	1	40	0.10000000000000001	40	25	0
D_CONTEXT	29	0	120	681408	42
D_LIST	29	link_before	16	0	1	0
D_HSP	29	link_before	0	0	2	11	18	37	44	30	0	0	0	0	0	40
D_CALL	30	evalue	41	120	1	0	0.10000000000000001	1
D_CONTEXT	30	0	120	681408	42
D_LIST	30	evalue_before	16	0	1	0
D_HSP	30	evalue_before	0	0	2	11	18	37	44	30	0	1	0	0	0	40
D_RETURN	30	evalue	0
D_LIST	30	evalue_after	16	0	1	14.250378111673484
D_HSP	30	evalue_after	0	0	2	11	18	37	44	30	0	1	14.250378111673484	0	0	40
D_RETURN	29	link	0
D_LIST	29	link_after	16	0	1	14.250378111673484
D_HSP	29	link_after	0	0	2	11	18	37	44	30	0	1	14.250378111673484	0	0	40
D_CALL	31	link	41	360	1	40	0.10000000000000001	40	25	0
D_LIST	31	link_before	NULL
D_RETURN	31	link	0
D_LIST	31	link_after	NULL
D_CALL	32	link	41	360	1	40	0.10000000000000001	40	25	0
D_LIST	32	link_before	NULL
D_RETURN	32	link	0
D_LIST	32	link_after	NULL
D_CALL	33	link	41	360	1	40	0.10000000000000001	40	25	0
D_CONTEXT	33	0	120	681408	42
D_LIST	33	link_before	19	0	1	0
D_HSP	33	link_before	0	0	-2	23	34	59	70	32	0	0	0	0	0	64
D_CALL	34	evalue	41	120	1	0	0.10000000000000001	1
D_CONTEXT	34	0	120	681408	42
D_LIST	34	evalue_before	19	0	1	0
D_HSP	34	evalue_before	0	0	-2	23	34	59	70	32	0	1	0	0	0	64
D_RETURN	34	evalue	0
D_LIST	34	evalue_after	19	0	1	7.778888475582642
D_HSP	34	evalue_after	0	0	-2	23	34	59	70	32	0	1	7.778888475582642	0	0	64
D_RETURN	33	link	0
D_LIST	33	link_after	19	0	1	7.778888475582642
D_HSP	33	link_after	0	0	-2	23	34	59	70	32	0	1	7.778888475582642	0	0	64
D_CALL	35	link	41	360	1	40	0.10000000000000001	40	25	0
D_CONTEXT	35	0	120	681408	42
D_LIST	35	link_before	20	0	2	0
D_HSP	35	link_before	0	0	-3	7	18	77	88	32	0	0	0	0	0	82
D_HSP	35	link_before	1	0	-2	62	81	70	89	27	0	0	0	0	0	83
D_CALL	36	evalue	41	120	1	0	0.10000000000000001	1
D_CONTEXT	36	0	120	681408	42
D_LIST	36	evalue_before	20	0	2	0
D_HSP	36	evalue_before	0	0	-3	7	18	77	88	32	0	1	0	0	0	82
D_HSP	36	evalue_before	1	0	-2	62	81	70	89	27	0	1	0	0	0	83
D_RETURN	36	evalue	0
D_LIST	36	evalue_after	20	0	2	7.778888475582642
D_HSP	36	evalue_after	0	0	-3	7	18	77	88	32	0	1	7.778888475582642	0	0	82
D_HSP	36	evalue_after	1	0	-2	62	81	70	89	27	0	1	35.521052157917175	0	0	83
D_RETURN	35	link	0
D_LIST	35	link_after	20	0	2	7.778888475582642
D_HSP	35	link_after	0	0	-3	7	18	77	88	32	0	1	7.778888475582642	0	0	82
D_HSP	35	link_after	1	0	-2	62	81	70	89	27	0	1	35.521052157917175	0	0	83
D_CALL	37	link	41	360	1	40	0.10000000000000001	40	25	0
D_CONTEXT	37	0	120	681408	42
D_LIST	37	link_before	21	0	1	0
D_HSP	37	link_before	0	0	-1	57	65	17	25	26	0	0	0	0	0	21
D_CALL	38	evalue	41	120	1	0	0.10000000000000001	1
D_CONTEXT	38	0	120	681408	42
D_LIST	38	evalue_before	21	0	1	0
D_HSP	38	evalue_before	0	0	-1	57	65	17	25	26	0	1	0	0	0	21
D_RETURN	38	evalue	0
D_LIST	38	evalue_after	21	0	1	48.195275034316325
D_HSP	38	evalue_after	0	0	-1	57	65	17	25	26	0	1	48.195275034316325	0	0	21
D_RETURN	37	link	0
D_LIST	37	link_after	21	0	1	48.195275034316325
D_HSP	37	link_after	0	0	-1	57	65	17	25	26	0	1	48.195275034316325	0	0	21
D_CALL	39	link	41	360	1	40	0.10000000000000001	40	25	0
D_CONTEXT	39	0	120	681408	42
D_LIST	39	link_before	22	0	1	0
D_HSP	39	link_before	0	0	3	72	86	15	29	26	0	0	0	0	0	20
D_CALL	40	evalue	41	120	1	0	0.10000000000000001	1
D_CONTEXT	40	0	120	681408	42
D_LIST	40	evalue_before	22	0	1	0
D_HSP	40	evalue_before	0	0	3	72	86	15	29	26	0	1	0	0	0	20
D_RETURN	40	evalue	0
D_LIST	40	evalue_after	22	0	1	48.195275034316325
D_HSP	40	evalue_after	0	0	3	72	86	15	29	26	0	1	48.195275034316325	0	0	20
D_RETURN	39	link	0
D_LIST	39	link_after	22	0	1	48.195275034316325
D_HSP	39	link_after	0	0	3	72	86	15	29	26	0	1	48.195275034316325	0	0	20
D_CALL	41	link	41	360	1	40	0.10000000000000001	40	25	0
D_LIST	41	link_before	NULL
D_RETURN	41	link	0
D_LIST	41	link_after	NULL
D_CALL	42	link	41	360	1	40	0.10000000000000001	40	25	0
D_LIST	42	link_before	NULL
D_RETURN	42	link	0
D_LIST	42	link_after	NULL
D_CALL	43	link	41	360	1	40	0.10000000000000001	40	25	0
D_LIST	43	link_before	NULL
D_RETURN	43	link	0
D_LIST	43	link_after	NULL
D_CALL	44	link	41	360	1	40	0.10000000000000001	40	25	0
D_LIST	44	link_before	NULL
D_RETURN	44	link	0
D_LIST	44	link_after	NULL
D_CALL	45	link	41	360	1	40	0.10000000000000001	40	25	0
D_LIST	45	link_before	NULL
D_RETURN	45	link	0
D_LIST	45	link_after	NULL
D_CALL	46	link	41	360	1	40	0.10000000000000001	40	25	0
D_LIST	46	link_before	NULL
D_RETURN	46	link	0
D_LIST	46	link_after	NULL
D_CALL	47	link	41	360	1	40	0.10000000000000001	40	25	0
D_CONTEXT	47	0	120	681408	42
D_LIST	47	link_before	29	0	2	0
D_HSP	47	link_before	0	0	1	77	93	77	93	31	0	0	0	0	0	82
D_HSP	47	link_before	1	0	3	31	43	105	117	29	0	0	0	0	0	110
D_CALL	48	evalue	41	120	1	0	0.10000000000000001	1
D_CONTEXT	48	0	120	681408	42
D_LIST	48	evalue_before	29	0	2	0
D_HSP	48	evalue_before	0	0	1	77	93	77	93	31	0	1	0	0	0	82
D_HSP	48	evalue_before	1	0	3	31	43	105	117	29	0	1	0	0	0	110
D_RETURN	48	evalue	0
D_LIST	48	evalue_after	29	0	2	10.530654203388801
D_HSP	48	evalue_after	0	0	1	77	93	77	93	31	0	1	10.530654203388801	0	0	82
D_HSP	48	evalue_after	1	0	3	31	43	105	117	29	0	1	19.276542944553334	0	0	110
D_RETURN	47	link	0
D_LIST	47	link_after	29	0	2	10.530654203388801
D_HSP	47	link_after	0	0	1	77	93	77	93	31	0	1	10.530654203388801	0	0	82
D_HSP	47	link_after	1	0	3	31	43	105	117	29	0	1	19.276542944553334	0	0	110
D_CALL	49	link	41	360	1	40	0.10000000000000001	40	25	0
D_LIST	49	link_before	NULL
D_RETURN	49	link	0
D_LIST	49	link_after	NULL
D_CALL	50	link	41	360	1	40	0.10000000000000001	40	25	0
D_LIST	50	link_before	NULL
D_RETURN	50	link	0
D_LIST	50	link_after	NULL
D_CALL	51	link	41	360	1	40	0.10000000000000001	40	25	0
D_LIST	51	link_before	NULL
D_RETURN	51	link	0
D_LIST	51	link_after	NULL
D_CALL	52	link	41	360	1	40	0.10000000000000001	40	25	0
D_CONTEXT	52	0	120	681408	42
D_LIST	52	link_before	33	0	1	0
D_HSP	52	link_before	0	0	-1	24	53	55	84	32	0	0	0	0	0	61
D_CALL	53	evalue	41	120	1	0	0.10000000000000001	1
D_CONTEXT	53	0	120	681408	42
D_LIST	53	evalue_before	33	0	1	0
D_HSP	53	evalue_before	0	0	-1	24	53	55	84	32	0	1	0	0	0	61
D_RETURN	53	evalue	0
D_LIST	53	evalue_after	33	0	1	7.778888475582642
D_HSP	53	evalue_after	0	0	-1	24	53	55	84	32	0	1	7.778888475582642	0	0	61
D_RETURN	52	link	0
D_LIST	52	link_after	33	0	1	7.778888475582642
D_HSP	52	link_after	0	0	-1	24	53	55	84	32	0	1	7.778888475582642	0	0	61
D_CALL	54	link	41	360	1	40	0.10000000000000001	40	25	0
D_LIST	54	link_before	NULL
D_RETURN	54	link	0
D_LIST	54	link_after	NULL
D_CALL	55	link	41	360	1	40	0.10000000000000001	40	25	0
D_LIST	55	link_before	NULL
D_RETURN	55	link	0
D_LIST	55	link_after	NULL
D_CALL	56	link	41	360	1	40	0.10000000000000001	40	25	0
D_LIST	56	link_before	NULL
D_RETURN	56	link	0
D_LIST	56	link_after	NULL
D_CALL	57	link	41	360	1	40	0.10000000000000001	40	25	0
D_LIST	57	link_before	NULL
D_RETURN	57	link	0
D_LIST	57	link_after	NULL
D_CALL	58	link	41	360	1	40	0.10000000000000001	40	25	0
D_LIST	58	link_before	NULL
D_RETURN	58	link	0
D_LIST	58	link_after	NULL
D_CALL	59	link	41	360	1	40	0.10000000000000001	40	25	0
D_LIST	59	link_before	NULL
D_RETURN	59	link	0
D_LIST	59	link_after	NULL
D_CALL	60	link	41	360	1	40	0.10000000000000001	40	25	0
D_LIST	60	link_before	NULL
D_RETURN	60	link	0
D_LIST	60	link_after	NULL
D_CALL	61	link	41	360	1	40	0.10000000000000001	40	25	0
D_LIST	61	link_before	NULL
D_RETURN	61	link	0
D_LIST	61	link_after	NULL
D_CALL	62	link	41	360	1	40	0.10000000000000001	40	25	0
D_LIST	62	link_before	NULL
D_RETURN	62	link	0
D_LIST	62	link_after	NULL
D_CALL	63	link	41	360	1	40	0.10000000000000001	40	25	0
D_LIST	63	link_before	NULL
D_RETURN	63	link	0
D_LIST	63	link_after	NULL
D_CALL	64	link	41	360	1	40	0.10000000000000001	40	25	0
D_LIST	64	link_before	NULL
D_RETURN	64	link	0
D_LIST	64	link_after	NULL
D_CALL	65	link	41	360	1	40	0.10000000000000001	40	25	0
D_LIST	65	link_before	NULL
D_RETURN	65	link	0
D_LIST	65	link_after	NULL
D_CALL	66	link	41	360	1	40	0.10000000000000001	40	25	0
D_LIST	66	link_before	NULL
D_RETURN	66	link	0
D_LIST	66	link_after	NULL
D_CALL	67	link	41	360	1	40	0.10000000000000001	40	25	0
D_LIST	67	link_before	NULL
D_RETURN	67	link	0
D_LIST	67	link_after	NULL
D_CALL	68	link	41	360	1	40	0.10000000000000001	40	25	0
D_LIST	68	link_before	NULL
D_RETURN	68	link	0
D_LIST	68	link_after	NULL
D_CALL	69	link	41	360	1	40	0.10000000000000001	40	25	0
D_CONTEXT	69	0	120	681408	42
D_LIST	69	link_before	49	0	2	0
D_HSP	69	link_before	0	0	-3	4	16	43	55	29	0	0	0	0	0	48
D_HSP	69	link_before	1	0	-1	12	19	4	11	26	0	0	0	0	0	7
D_CALL	70	evalue	41	120	1	0	0.10000000000000001	1
D_CONTEXT	70	0	120	681408	42
D_LIST	70	evalue_before	49	0	2	0
D_HSP	70	evalue_before	0	0	-3	4	16	43	55	29	0	1	0	0	0	48
D_HSP	70	evalue_before	1	0	-1	12	19	4	11	26	0	1	0	0	0	7
D_RETURN	70	evalue	0
D_LIST	70	evalue_after	49	0	2	19.276542944553334
D_HSP	70	evalue_after	0	0	-3	4	16	43	55	29	0	1	19.276542944553334	0	0	48
D_HSP	70	evalue_after	1	0	-1	12	19	4	11	26	0	1	48.195275034316325	0	0	7
D_RETURN	69	link	0
D_LIST	69	link_after	49	0	2	19.276542944553334
D_HSP	69	link_after	0	0	-3	4	16	43	55	29	0	1	19.276542944553334	0	0	48
D_HSP	69	link_after	1	0	-1	12	19	4	11	26	0	1	48.195275034316325	0	0	7
D_CALL	71	link	41	360	1	40	0.10000000000000001	40	25	0
D_LIST	71	link_before	NULL
D_RETURN	71	link	0
D_LIST	71	link_after	NULL
D_CALL	72	link	41	360	1	40	0.10000000000000001	40	25	0
D_LIST	72	link_before	NULL
D_RETURN	72	link	0
D_LIST	72	link_after	NULL
D_CALL	73	link	41	360	1	40	0.10000000000000001	40	25	0
D_LIST	73	link_before	NULL
D_RETURN	73	link	0
D_LIST	73	link_after	NULL
D_CALL	74	link	41	360	1	40	0.10000000000000001	40	25	0
D_CONTEXT	74	0	120	681408	42
D_LIST	74	link_before	53	0	1	0
D_HSP	74	link_before	0	0	-2	78	96	46	64	27	0	0	0	0	0	51
D_CALL	75	evalue	41	120	1	0	0.10000000000000001	1
D_CONTEXT	75	0	120	681408	42
D_LIST	75	evalue_before	53	0	1	0
D_HSP	75	evalue_before	0	0	-2	78	96	46	64	27	0	1	0	0	0	51
D_RETURN	75	evalue	0
D_LIST	75	evalue_after	53	0	1	35.521052157917175
D_HSP	75	evalue_after	0	0	-2	78	96	46	64	27	0	1	35.521052157917175	0	0	51
D_RETURN	74	link	0
D_LIST	74	link_after	53	0	1	35.521052157917175
D_HSP	74	link_after	0	0	-2	78	96	46	64	27	0	1	35.521052157917175	0	0	51
D_CALL	76	link	41	360	1	40	0.10000000000000001	40	25	0
D_LIST	76	link_before	NULL
D_RETURN	76	link	0
D_LIST	76	link_after	NULL
D_CALL	77	link	41	360	1	40	0.10000000000000001	40	25	0
D_LIST	77	link_before	NULL
D_RETURN	77	link	0
D_LIST	77	link_after	NULL
D_CALL	78	link	41	360	1	40	0.10000000000000001	40	25	0
D_LIST	78	link_before	NULL
D_RETURN	78	link	0
D_LIST	78	link_after	NULL
D_CALL	79	link	41	360	1	40	0.10000000000000001	40	25	0
D_LIST	79	link_before	NULL
D_RETURN	79	link	0
D_LIST	79	link_after	NULL
D_CALL	80	link	41	360	1	40	0.10000000000000001	40	25	0
D_LIST	80	link_before	NULL
D_RETURN	80	link	0
D_LIST	80	link_after	NULL
D_CALL	81	link	41	360	1	40	0.10000000000000001	40	25	0
D_LIST	81	link_before	NULL
D_RETURN	81	link	0
D_LIST	81	link_after	NULL
D_CALL	82	link	41	360	1	40	0.10000000000000001	40	25	0
D_LIST	82	link_before	NULL
D_RETURN	82	link	0
D_LIST	82	link_after	NULL
D_CALL	83	link	41	360	1	40	0.10000000000000001	40	25	0
D_LIST	83	link_before	NULL
D_RETURN	83	link	0
D_LIST	83	link_after	NULL
D_CALL	84	link	41	360	1	40	0.10000000000000001	40	25	0
D_LIST	84	link_before	NULL
D_RETURN	84	link	0
D_LIST	84	link_after	NULL
D_CALL	85	link	41	360	1	40	0.10000000000000001	40	25	0
D_LIST	85	link_before	NULL
D_RETURN	85	link	0
D_LIST	85	link_after	NULL
D_CALL	86	link	41	360	1	40	0.10000000000000001	40	25	0
D_LIST	86	link_before	NULL
D_RETURN	86	link	0
D_LIST	86	link_after	NULL
D_CALL	87	link	41	360	1	40	0.10000000000000001	40	25	0
D_LIST	87	link_before	NULL
D_RETURN	87	link	0
D_LIST	87	link_after	NULL
D_CALL	88	link	41	360	1	40	0.10000000000000001	40	25	0
D_CONTEXT	88	0	120	681408	42
D_LIST	88	link_before	66	0	1	0
D_HSP	88	link_before	0	0	1	7	14	77	84	25	0	0	0	0	0	80
D_CALL	89	evalue	41	120	1	0	0.10000000000000001	1
D_CONTEXT	89	0	120	681408	42
D_LIST	89	evalue_before	66	0	1	0
D_HSP	89	evalue_before	0	0	1	7	14	77	84	25	0	1	0	0	0	80
D_RETURN	89	evalue	0
D_LIST	89	evalue_after	66	0	1	65.346711289178032
D_HSP	89	evalue_after	0	0	1	7	14	77	84	25	0	1	65.346711289178032	0	0	80
D_RETURN	88	link	0
D_LIST	88	link_after	66	0	1	65.346711289178032
D_HSP	88	link_after	0	0	1	7	14	77	84	25	0	1	65.346711289178032	0	0	80
D_CALL	90	link	41	360	1	40	0.10000000000000001	40	25	0
D_LIST	90	link_before	NULL
D_RETURN	90	link	0
D_LIST	90	link_after	NULL
D_CALL	91	link	41	360	1	40	0.10000000000000001	40	25	0
D_LIST	91	link_before	NULL
D_RETURN	91	link	0
D_LIST	91	link_after	NULL
D_CALL	92	link	41	360	1	40	0.10000000000000001	40	25	0
D_LIST	92	link_before	NULL
D_RETURN	92	link	0
D_LIST	92	link_after	NULL
D_CALL	93	link	41	360	1	40	0.10000000000000001	40	25	0
D_LIST	93	link_before	NULL
D_RETURN	93	link	0
D_LIST	93	link_after	NULL
D_CALL	94	link	41	360	1	40	0.10000000000000001	40	25	0
D_LIST	94	link_before	NULL
D_RETURN	94	link	0
D_LIST	94	link_after	NULL
D_CALL	95	link	41	360	1	40	0.10000000000000001	40	25	0
D_LIST	95	link_before	NULL
D_RETURN	95	link	0
D_LIST	95	link_after	NULL
D_CALL	96	link	41	360	1	40	0.10000000000000001	40	25	0
D_CONTEXT	96	0	120	681408	42
D_LIST	96	link_before	73	0	1	0
D_HSP	96	link_before	0	0	3	39	50	9	20	27	0	0	0	0	0	14
D_CALL	97	evalue	41	120	1	0	0.10000000000000001	1
D_CONTEXT	97	0	120	681408	42
D_LIST	97	evalue_before	73	0	1	0
D_HSP	97	evalue_before	0	0	3	39	50	9	20	27	0	1	0	0	0	14
D_RETURN	97	evalue	0
D_LIST	97	evalue_after	73	0	1	35.521052157917175
D_HSP	97	evalue_after	0	0	3	39	50	9	20	27	0	1	35.521052157917175	0	0	14
D_RETURN	96	link	0
D_LIST	96	link_after	73	0	1	35.521052157917175
D_HSP	96	link_after	0	0	3	39	50	9	20	27	0	1	35.521052157917175	0	0	14
D_CALL	98	link	41	360	1	40	0.10000000000000001	40	25	0
D_LIST	98	link_before	NULL
D_RETURN	98	link	0
D_LIST	98	link_after	NULL
D_CALL	99	link	41	360	1	40	0.10000000000000001	40	25	0
D_LIST	99	link_before	NULL
D_RETURN	99	link	0
D_LIST	99	link_after	NULL
D_CALL	100	link	41	360	1	40	0.10000000000000001	40	25	0
D_LIST	100	link_before	NULL
D_RETURN	100	link	0
D_LIST	100	link_after	NULL
D_CALL	101	link	41	360	1	40	0.10000000000000001	40	25	0
D_LIST	101	link_before	NULL
D_RETURN	101	link	0
D_LIST	101	link_after	NULL
D_CALL	102	link	41	360	1	40	0.10000000000000001	40	25	0
D_LIST	102	link_before	NULL
D_RETURN	102	link	0
D_LIST	102	link_after	NULL
D_CALL	103	link	41	360	1	40	0.10000000000000001	40	25	0
D_CONTEXT	103	0	120	681408	42
D_LIST	103	link_before	79	0	1	0
D_HSP	103	link_before	0	0	1	49	58	23	32	31	0	0	0	0	0	27
D_CALL	104	evalue	41	120	1	0	0.10000000000000001	1
D_CONTEXT	104	0	120	681408	42
D_LIST	104	evalue_before	79	0	1	0
D_HSP	104	evalue_before	0	0	1	49	58	23	32	31	0	1	0	0	0	27
D_RETURN	104	evalue	0
D_LIST	104	evalue_after	79	0	1	10.530654203388801
D_HSP	104	evalue_after	0	0	1	49	58	23	32	31	0	1	10.530654203388801	0	0	27
D_RETURN	103	link	0
D_LIST	103	link_after	79	0	1	10.530654203388801
D_HSP	103	link_after	0	0	1	49	58	23	32	31	0	1	10.530654203388801	0	0	27
D_CALL	105	link	41	360	1	40	0.10000000000000001	40	25	0
D_LIST	105	link_before	NULL
D_RETURN	105	link	0
D_LIST	105	link_after	NULL
D_CALL	106	link	41	360	1	40	0.10000000000000001	40	25	0
D_LIST	106	link_before	NULL
D_RETURN	106	link	0
D_LIST	106	link_after	NULL
D_CALL	107	link	41	360	1	40	0.10000000000000001	40	25	0
D_LIST	107	link_before	NULL
D_RETURN	107	link	0
D_LIST	107	link_after	NULL
D_CALL	108	link	41	360	1	40	0.10000000000000001	40	25	0
D_CONTEXT	108	0	120	681408	42
D_LIST	108	link_before	83	0	1	0
D_HSP	108	link_before	0	0	1	28	35	76	83	33	0	0	0	0	0	79
D_CALL	109	evalue	41	120	1	0	0.10000000000000001	1
D_CONTEXT	109	0	120	681408	42
D_LIST	109	evalue_before	83	0	1	0
D_HSP	109	evalue_before	0	0	1	28	35	76	83	33	0	1	0	0	0	79
D_RETURN	109	evalue	0
D_LIST	109	evalue_after	83	0	1	5.7440071826713641
D_HSP	109	evalue_after	0	0	1	28	35	76	83	33	0	1	5.7440071826713641	0	0	79
D_RETURN	108	link	0
D_LIST	108	link_after	83	0	1	5.7440071826713641
D_HSP	108	link_after	0	0	1	28	35	76	83	33	0	1	5.7440071826713641	0	0	79
D_CALL	110	link	41	360	1	40	0.10000000000000001	40	25	0
D_LIST	110	link_before	NULL
D_RETURN	110	link	0
D_LIST	110	link_after	NULL
D_CALL	111	link	41	360	1	40	0.10000000000000001	40	25	0
D_LIST	111	link_before	NULL
D_RETURN	111	link	0
D_LIST	111	link_after	NULL
D_CALL	112	link	41	360	1	40	0.10000000000000001	40	25	0
D_LIST	112	link_before	NULL
D_RETURN	112	link	0
D_LIST	112	link_after	NULL
D_CALL	113	link	41	360	1	40	0.10000000000000001	40	25	0
D_LIST	113	link_before	NULL
D_RETURN	113	link	0
D_LIST	113	link_after	NULL
D_CALL	114	link	41	360	1	40	0.10000000000000001	40	25	0
D_LIST	114	link_before	NULL
D_RETURN	114	link	0
D_LIST	114	link_after	NULL
D_CALL	115	link	41	360	1	40	0.10000000000000001	40	25	0
D_CONTEXT	115	0	120	681408	42
D_LIST	115	link_before	89	0	1	0
D_HSP	115	link_before	0	0	-1	25	43	89	107	34	0	0	0	0	0	94
D_CALL	116	evalue	41	120	1	0	0.10000000000000001	1
D_CONTEXT	116	0	120	681408	42
D_LIST	116	evalue_before	89	0	1	0
D_HSP	116	evalue_before	0	0	-1	25	43	89	107	34	0	1	0	0	0	94
D_RETURN	116	evalue	0
D_LIST	116	evalue_after	89	0	1	4.2398460998624472
D_HSP	116	evalue_after	0	0	-1	25	43	89	107	34	0	1	4.2398460998624472	0	0	94
D_RETURN	115	link	0
D_LIST	115	link_after	89	0	1	4.2398460998624472
D_HSP	115	link_after	0	0	-1	25	43	89	107	34	0	1	4.2398460998624472	0	0	94
D_CALL	117	link	41	360	1	40	0.10000000000000001	40	25	0
D_LIST	117	link_before	NULL
D_RETURN	117	link	0
D_LIST	117	link_after	NULL
D_CALL	118	link	41	360	1	40	0.10000000000000001	40	25	0
D_LIST	118	link_before	NULL
D_RETURN	118	link	0
D_LIST	118	link_after	NULL
D_CALL	119	link	41	360	1	40	0.10000000000000001	40	25	0
D_LIST	119	link_before	NULL
D_RETURN	119	link	0
D_LIST	119	link_after	NULL
D_CALL	120	link	41	360	1	40	0.10000000000000001	40	25	0
D_LIST	120	link_before	NULL
D_RETURN	120	link	0
D_LIST	120	link_after	NULL
D_CALL	121	link	41	360	1	40	0.10000000000000001	40	25	0
D_LIST	121	link_before	NULL
D_RETURN	121	link	0
D_LIST	121	link_after	NULL
D_CALL	122	link	41	360	1	40	0.10000000000000001	40	25	0
D_LIST	122	link_before	NULL
D_RETURN	122	link	0
D_LIST	122	link_after	NULL
D_CALL	123	link	41	360	1	40	0.10000000000000001	40	25	0
D_LIST	123	link_before	NULL
D_RETURN	123	link	0
D_LIST	123	link_after	NULL
D_CALL	124	link	41	360	1	40	0.10000000000000001	40	25	0
D_LIST	124	link_before	NULL
D_RETURN	124	link	0
D_LIST	124	link_after	NULL
D_CALL	125	link	41	360	1	40	0.10000000000000001	40	25	0
D_LIST	125	link_before	NULL
D_RETURN	125	link	0
D_LIST	125	link_after	NULL
D_CALL	126	link	41	360	1	40	0.10000000000000001	40	25	0
D_LIST	126	link_before	NULL
D_RETURN	126	link	0
D_LIST	126	link_after	NULL
D_CALL	127	link	41	360	1	40	0.10000000000000001	40	25	0
D_LIST	127	link_before	NULL
D_RETURN	127	link	0
D_LIST	127	link_after	NULL
D_CALL	128	link	41	360	1	40	0.10000000000000001	40	25	0
D_CONTEXT	128	0	120	681408	42
D_LIST	128	link_before	101	0	1	0
D_HSP	128	link_before	0	0	2	6	12	38	44	25	0	0	0	0	0	41
D_CALL	129	evalue	41	120	1	0	0.10000000000000001	1
D_CONTEXT	129	0	120	681408	42
D_LIST	129	evalue_before	101	0	1	0
D_HSP	129	evalue_before	0	0	2	6	12	38	44	25	0	1	0	0	0	41
D_RETURN	129	evalue	0
D_LIST	129	evalue_after	101	0	1	65.346711289178032
D_HSP	129	evalue_after	0	0	2	6	12	38	44	25	0	1	65.346711289178032	0	0	41
D_RETURN	128	link	0
D_LIST	128	link_after	101	0	1	65.346711289178032
D_HSP	128	link_after	0	0	2	6	12	38	44	25	0	1	65.346711289178032	0	0	41
D_CALL	130	link	41	360	1	40	0.10000000000000001	40	25	0
D_LIST	130	link_before	NULL
D_RETURN	130	link	0
D_LIST	130	link_after	NULL
D_CALL	131	link	41	360	1	40	0.10000000000000001	40	25	0
D_LIST	131	link_before	NULL
D_RETURN	131	link	0
D_LIST	131	link_after	NULL
D_CALL	132	link	41	360	1	40	0.10000000000000001	40	25	0
D_CONTEXT	132	0	120	681408	42
D_LIST	132	link_before	104	0	1	0
D_HSP	132	link_before	0	0	3	1	31	16	49	33	0	0	0	0	0	43
D_CALL	133	evalue	41	120	1	0	0.10000000000000001	1
D_CONTEXT	133	0	120	681408	42
D_LIST	133	evalue_before	104	0	1	0
D_HSP	133	evalue_before	0	0	3	1	31	16	49	33	0	1	0	0	0	43
D_RETURN	133	evalue	0
D_LIST	133	evalue_after	104	0	1	5.7440071826713641
D_HSP	133	evalue_after	0	0	3	1	31	16	49	33	0	1	5.7440071826713641	0	0	43
D_RETURN	132	link	0
D_LIST	132	link_after	104	0	1	5.7440071826713641
D_HSP	132	link_after	0	0	3	1	31	16	49	33	0	1	5.7440071826713641	0	0	43
D_CALL	134	link	41	360	1	40	0.10000000000000001	40	25	0
D_LIST	134	link_before	NULL
D_RETURN	134	link	0
D_LIST	134	link_after	NULL
D_CALL	135	link	41	360	1	40	0.10000000000000001	40	25	0
D_LIST	135	link_before	NULL
D_RETURN	135	link	0
D_LIST	135	link_after	NULL
D_CALL	136	link	41	360	1	40	0.10000000000000001	40	25	0
D_LIST	136	link_before	NULL
D_RETURN	136	link	0
D_LIST	136	link_after	NULL
D_CALL	137	link	41	360	1	40	0.10000000000000001	40	25	0
D_CONTEXT	137	0	120	681408	42
D_LIST	137	link_before	108	0	1	0
D_HSP	137	link_before	0	0	3	53	75	84	106	27	0	0	0	0	0	89
D_CALL	138	evalue	41	120	1	0	0.10000000000000001	1
D_CONTEXT	138	0	120	681408	42
D_LIST	138	evalue_before	108	0	1	0
D_HSP	138	evalue_before	0	0	3	53	75	84	106	27	0	1	0	0	0	89
D_RETURN	138	evalue	0
D_LIST	138	evalue_after	108	0	1	35.521052157917175
D_HSP	138	evalue_after	0	0	3	53	75	84	106	27	0	1	35.521052157917175	0	0	89
D_RETURN	137	link	0
D_LIST	137	link_after	108	0	1	35.521052157917175
D_HSP	137	link_after	0	0	3	53	75	84	106	27	0	1	35.521052157917175	0	0	89
D_CALL	139	link	41	360	1	40	0.10000000000000001	40	25	0
D_LIST	139	link_before	NULL
D_RETURN	139	link	0
D_LIST	139	link_after	NULL
D_CALL	140	link	41	360	1	40	0.10000000000000001	40	25	0
D_LIST	140	link_before	NULL
D_RETURN	140	link	0
D_LIST	140	link_after	NULL
D_CALL	141	link	41	360	1	40	0.10000000000000001	40	25	0
D_LIST	141	link_before	NULL
D_RETURN	141	link	0
D_LIST	141	link_after	NULL
D_CALL	142	redo	41	1	1	1	1
D_LIST	142	redo_before	NULL
D_CALL	143	link	41	360	1	40	0.10000000000000001	40	0	0
D_CONTEXT	143	0	120	681408	42
D_LIST	143	link_before	11	0	1	0
D_HSP	143	link_before	0	0	1	40	58	40	58	3044	0	0	0	0	2	0
D_CALL	144	evalue	41	120	1	0	0.10000000000000001	1
D_CONTEXT	144	0	120	681408	42
D_LIST	144	evalue_before	11	0	1	0
D_HSP	144	evalue_before	0	0	1	40	58	40	58	3044	0	1	0	0	2	0
D_RETURN	144	evalue	0
D_LIST	144	evalue_after	11	0	1	1.545120218461035e-08
D_HSP	144	evalue_after	0	0	1	40	58	40	58	3044	0	1	1.545120218461035e-08	0	2	0
D_RETURN	143	link	0
D_LIST	143	link_after	11	0	1	1.545120218461035e-08
D_HSP	143	link_after	0	0	1	40	58	40	58	3044	0	1	1.545120218461035e-08	0	2	0
D_CALL	145	reap
D_LIST	145	reap_before	11	0	1	1.545120218461035e-08
D_HSP	145	reap_before	0	0	1	40	58	40	58	3044	0	1	1.545120218461035e-08	0	2	0
D_RETURN	145	reap	0
D_LIST	145	reap_after	11	0	1	1.545120218461035e-08
D_HSP	145	reap_after	0	0	1	40	58	40	58	3044	0	1	1.545120218461035e-08	0	2	0
D_CALL	146	link	41	360	1	40	0.10000000000000001	40	0	0
D_CONTEXT	146	0	120	681408	42
D_LIST	146	link_before	10	0	1	0
D_HSP	146	link_before	0	0	1	40	59	40	59	3056	0	0	0	0	2	0
D_CALL	147	evalue	41	120	1	0	0.10000000000000001	1
D_CONTEXT	147	0	120	681408	42
D_LIST	147	evalue_before	10	0	1	0
D_HSP	147	evalue_before	0	0	1	40	59	40	59	3056	0	1	0	0	2	0
D_RETURN	147	evalue	0
D_LIST	147	evalue_after	10	0	1	1.3638733705236004e-08
D_HSP	147	evalue_after	0	0	1	40	59	40	59	3056	0	1	1.3638733705236004e-08	0	2	0
D_RETURN	146	link	0
D_LIST	146	link_after	10	0	1	1.3638733705236004e-08
D_HSP	146	link_after	0	0	1	40	59	40	59	3056	0	1	1.3638733705236004e-08	0	2	0
D_CALL	148	reap
D_LIST	148	reap_before	10	0	1	1.3638733705236004e-08
D_HSP	148	reap_before	0	0	1	40	59	40	59	3056	0	1	1.3638733705236004e-08	0	2	0
D_RETURN	148	reap	0
D_LIST	148	reap_after	10	0	1	1.3638733705236004e-08
D_HSP	148	reap_after	0	0	1	40	59	40	59	3056	0	1	1.3638733705236004e-08	0	2	0
D_CALL	149	link	41	360	1	40	0.10000000000000001	40	0	0
D_CONTEXT	149	0	120	681408	42
D_LIST	149	link_before	8	0	1	0
D_HSP	149	link_before	0	0	1	37	57	37	57	3029	0	0	0	0	2	0
D_CALL	150	evalue	41	120	1	0	0.10000000000000001	1
D_CONTEXT	150	0	120	681408	42
D_LIST	150	evalue_before	8	0	1	0
D_HSP	150	evalue_before	0	0	1	37	57	37	57	3029	0	1	0	0	2	0
D_RETURN	150	evalue	0
D_LIST	150	evalue_after	8	0	1	1.8057889736079817e-08
D_HSP	150	evalue_after	0	0	1	37	57	37	57	3029	0	1	1.8057889736079817e-08	0	2	0
D_RETURN	149	link	0
D_LIST	149	link_after	8	0	1	1.8057889736079817e-08
D_HSP	149	link_after	0	0	1	37	57	37	57	3029	0	1	1.8057889736079817e-08	0	2	0
D_CALL	151	reap
D_LIST	151	reap_before	8	0	1	1.8057889736079817e-08
D_HSP	151	reap_before	0	0	1	37	57	37	57	3029	0	1	1.8057889736079817e-08	0	2	0
D_RETURN	151	reap	0
D_LIST	151	reap_after	8	0	1	1.8057889736079817e-08
D_HSP	151	reap_after	0	0	1	37	57	37	57	3029	0	1	1.8057889736079817e-08	0	2	0
D_CALL	152	link	41	360	1	40	0.10000000000000001	40	0	0
D_CONTEXT	152	0	120	681408	42
D_LIST	152	link_before	9	0	1	0
D_HSP	152	link_before	0	0	1	40	76	40	81	2910	0	0	0	0	2	0
D_CALL	153	evalue	41	120	1	0	0.10000000000000001	1
D_CONTEXT	153	0	120	681408	42
D_LIST	153	evalue_before	9	0	1	0
D_HSP	153	evalue_before	0	0	1	40	76	40	81	2910	0	1	0	0	2	0
D_RETURN	153	evalue	0
D_LIST	153	evalue_after	9	0	1	6.2021785039228186e-08
D_HSP	153	evalue_after	0	0	1	40	76	40	81	2910	0	1	6.2021785039228186e-08	0	2	0
D_RETURN	152	link	0
D_LIST	152	link_after	9	0	1	6.2021785039228186e-08
D_HSP	152	link_after	0	0	1	40	76	40	81	2910	0	1	6.2021785039228186e-08	0	2	0
D_CALL	154	reap
D_LIST	154	reap_before	9	0	1	6.2021785039228186e-08
D_HSP	154	reap_before	0	0	1	40	76	40	81	2910	0	1	6.2021785039228186e-08	0	2	0
D_RETURN	154	reap	0
D_LIST	154	reap_after	9	0	1	6.2021785039228186e-08
D_HSP	154	reap_after	0	0	1	40	76	40	81	2910	0	1	6.2021785039228186e-08	0	2	0
D_CALL	155	link	41	360	1	40	0.10000000000000001	40	0	0
D_CONTEXT	155	0	120	681408	42
D_LIST	155	link_before	6	0	1	0
D_HSP	155	link_before	0	0	1	32	54	32	54	2727	0	0	0	0	2	0
D_CALL	156	evalue	41	120	1	0	0.10000000000000001	1
D_CONTEXT	156	0	120	681408	42
D_LIST	156	evalue_before	6	0	1	0
D_HSP	156	evalue_before	0	0	1	32	54	32	54	2727	0	1	0	0	2	0
D_RETURN	156	evalue	0
D_LIST	156	evalue_after	6	0	1	4.0922307268971027e-07
D_HSP	156	evalue_after	0	0	1	32	54	32	54	2727	0	1	4.0922307268971027e-07	0	2	0
D_RETURN	155	link	0
D_LIST	155	link_after	6	0	1	4.0922307268971027e-07
D_HSP	155	link_after	0	0	1	32	54	32	54	2727	0	1	4.0922307268971027e-07	0	2	0
D_CALL	157	reap
D_LIST	157	reap_before	6	0	1	4.0922307268971027e-07
D_HSP	157	reap_before	0	0	1	32	54	32	54	2727	0	1	4.0922307268971027e-07	0	2	0
D_RETURN	157	reap	0
D_LIST	157	reap_after	6	0	1	4.0922307268971027e-07
D_HSP	157	reap_after	0	0	1	32	54	32	54	2727	0	1	4.0922307268971027e-07	0	2	0
D_CALL	158	link	41	360	1	40	0.10000000000000001	40	0	0
D_CONTEXT	158	0	120	681408	42
D_LIST	158	link_before	7	0	1	0
D_HSP	158	link_before	0	0	1	40	110	40	114	2698	0	0	0	0	2	0
D_CALL	159	evalue	41	120	1	0	0.10000000000000001	1
D_CONTEXT	159	0	120	681408	42
D_LIST	159	evalue_before	7	0	1	0
D_HSP	159	evalue_before	0	0	1	40	110	40	114	2698	0	1	0	0	2	0
D_RETURN	159	evalue	0
D_LIST	159	evalue_after	7	0	1	5.5112818879116157e-07
D_HSP	159	evalue_after	0	0	1	40	110	40	114	2698	0	1	5.5112818879116157e-07	0	2	0
D_RETURN	158	link	0
D_LIST	158	link_after	7	0	1	5.5112818879116157e-07
D_HSP	158	link_after	0	0	1	40	110	40	114	2698	0	1	5.5112818879116157e-07	0	2	0
D_CALL	160	reap
D_LIST	160	reap_before	7	0	1	5.5112818879116157e-07
D_HSP	160	reap_before	0	0	1	40	110	40	114	2698	0	1	5.5112818879116157e-07	0	2	0
D_RETURN	160	reap	0
D_LIST	160	reap_after	7	0	1	5.5112818879116157e-07
D_HSP	160	reap_after	0	0	1	40	110	40	114	2698	0	1	5.5112818879116157e-07	0	2	0
D_CALL	161	link	41	360	1	40	0.10000000000000001	40	0	0
D_CONTEXT	161	0	120	681408	42
D_LIST	161	link_before	5	0	2	0
D_HSP	161	link_before	0	0	1	33	52	33	52	2210	0	0	0	0	2	0
D_HSP	161	link_before	1	0	-1	50	75	2	27	1295	0	0	0	0	2	0
D_CALL	162	evalue	41	120	1	0	0.10000000000000001	1
D_CONTEXT	162	0	120	681408	42
D_LIST	162	evalue_before	5	0	2	0
D_HSP	162	evalue_before	0	0	1	33	52	33	52	2210	0	1	0	0	2	0
D_HSP	162	evalue_before	1	0	-1	50	75	2	27	1295	0	1	0	0	2	0
D_RETURN	162	evalue	0
D_LIST	162	evalue_after	5	0	2	7.7674056660002755e-05
D_HSP	162	evalue_after	0	0	1	33	52	33	52	2210	0	1	7.7674056660002755e-05	0	2	0
D_HSP	162	evalue_after	1	0	-1	50	75	2	27	1295	0	1	0.58967680036731307	0	2	0
D_RETURN	161	link	0
D_LIST	161	link_after	5	0	2	7.7674056660002755e-05
D_HSP	161	link_after	0	0	1	33	52	33	52	2210	0	1	7.7674056660002755e-05	0	2	0
D_HSP	161	link_after	1	0	-1	50	75	2	27	1295	0	1	0.58967680036731307	0	2	0
D_CALL	163	reap
D_LIST	163	reap_before	5	0	2	7.7674056660002755e-05
D_HSP	163	reap_before	0	0	1	33	52	33	52	2210	0	1	7.7674056660002755e-05	0	2	0
D_HSP	163	reap_before	1	0	-1	50	75	2	27	1295	0	1	0.58967680036731307	0	2	0
D_RETURN	163	reap	0
D_LIST	163	reap_after	5	0	2	7.7674056660002755e-05
D_HSP	163	reap_after	0	0	1	33	52	33	52	2210	0	1	7.7674056660002755e-05	0	2	0
D_HSP	163	reap_after	1	0	-1	50	75	2	27	1295	0	1	0.58967680036731307	0	2	0
D_CALL	164	link	41	360	1	40	0.10000000000000001	40	0	0
D_CONTEXT	164	0	120	681408	42
D_LIST	164	link_before	4	0	1	0
D_HSP	164	link_before	0	0	1	40	51	40	51	2105	0	0	0	0	2	0
D_CALL	165	evalue	41	120	1	0	0.10000000000000001	1
D_CONTEXT	165	0	120	681408	42
D_LIST	165	evalue_before	4	0	1	0
D_HSP	165	evalue_before	0	0	1	40	51	40	51	2105	0	1	0	0	2	0
D_RETURN	165	evalue	0
D_LIST	165	evalue_after	4	0	1	0.00022150254605642842
D_HSP	165	evalue_after	0	0	1	40	51	40	51	2105	0	1	0.00022150254605642842	0	2	0
D_RETURN	164	link	0
D_LIST	164	link_after	4	0	1	0.00022150254605642842
D_HSP	164	link_after	0	0	1	40	51	40	51	2105	0	1	0.00022150254605642842	0	2	0
D_CALL	166	reap
D_LIST	166	reap_before	4	0	1	0.00022150254605642842
D_HSP	166	reap_before	0	0	1	40	51	40	51	2105	0	1	0.00022150254605642842	0	2	0
D_RETURN	166	reap	0
D_LIST	166	reap_after	4	0	1	0.00022150254605642842
D_HSP	166	reap_after	0	0	1	40	51	40	51	2105	0	1	0.00022150254605642842	0	2	0
D_CALL	167	link	41	360	1	40	0.10000000000000001	40	0	0
D_CONTEXT	167	0	120	681408	42
D_LIST	167	link_before	3	0	1	0
D_HSP	167	link_before	0	0	1	28	50	30	50	1820	0	0	0	0	2	0
D_CALL	168	evalue	41	120	1	0	0.10000000000000001	1
D_CONTEXT	168	0	120	681408	42
D_LIST	168	evalue_before	3	0	1	0
D_HSP	168	evalue_before	0	0	1	28	50	30	50	1820	0	1	0	0	2	0
D_RETURN	168	evalue	0
D_LIST	168	evalue_after	3	0	1	0.0036877115720375404
D_HSP	168	evalue_after	0	0	1	28	50	30	50	1820	0	1	0.0036877115720375404	0	2	0
D_RETURN	167	link	0
D_LIST	167	link_after	3	0	1	0.0036877115720375404
D_HSP	167	link_after	0	0	1	28	50	30	50	1820	0	1	0.0036877115720375404	0	2	0
D_CALL	169	reap
D_LIST	169	reap_before	3	0	1	0.0036877115720375404
D_HSP	169	reap_before	0	0	1	28	50	30	50	1820	0	1	0.0036877115720375404	0	2	0
D_RETURN	169	reap	0
D_LIST	169	reap_after	3	0	1	0.0036877115720375404
D_HSP	169	reap_after	0	0	1	28	50	30	50	1820	0	1	0.0036877115720375404	0	2	0
D_CALL	170	link	41	360	1	40	0.10000000000000001	40	0	0
D_CONTEXT	170	0	120	681408	42
D_LIST	170	link_before	2	0	1	0
D_HSP	170	link_before	0	0	1	39	60	39	56	1902	0	0	0	0	2	0
D_CALL	171	evalue	41	120	1	0	0.10000000000000001	1
D_CONTEXT	171	0	120	681408	42
D_LIST	171	evalue_before	2	0	1	0
D_HSP	171	evalue_before	0	0	1	39	60	39	56	1902	0	1	0	0	2	0
D_RETURN	171	evalue	0
D_LIST	171	evalue_after	2	0	1	0.0016496826029049544
D_HSP	171	evalue_after	0	0	1	39	60	39	56	1902	0	1	0.0016496826029049544	0	2	0
D_RETURN	170	link	0
D_LIST	170	link_after	2	0	1	0.0016496826029049544
D_HSP	170	link_after	0	0	1	39	60	39	56	1902	0	1	0.0016496826029049544	0	2	0
D_CALL	172	reap
D_LIST	172	reap_before	2	0	1	0.0016496826029049544
D_HSP	172	reap_before	0	0	1	39	60	39	56	1902	0	1	0.0016496826029049544	0	2	0
D_RETURN	172	reap	0
D_LIST	172	reap_after	2	0	1	0.0016496826029049544
D_HSP	172	reap_after	0	0	1	39	60	39	56	1902	0	1	0.0016496826029049544	0	2	0
D_CALL	173	link	41	360	1	40	0.10000000000000001	40	0	0
D_CONTEXT	173	0	120	681408	42
D_LIST	173	link_before	1	0	1	0
D_HSP	173	link_before	0	0	1	21	48	22	48	1885	0	0	0	0	2	0
D_CALL	174	evalue	41	120	1	0	0.10000000000000001	1
D_CONTEXT	174	0	120	681408	42
D_LIST	174	evalue_before	1	0	1	0
D_HSP	174	evalue_before	0	0	1	21	48	22	48	1885	0	1	0	0	2	0
D_RETURN	174	evalue	0
D_LIST	174	evalue_after	1	0	1	0.001949671609551948
D_HSP	174	evalue_after	0	0	1	21	48	22	48	1885	0	1	0.001949671609551948	0	2	0
D_RETURN	173	link	0
D_LIST	173	link_after	1	0	1	0.001949671609551948
D_HSP	173	link_after	0	0	1	21	48	22	48	1885	0	1	0.001949671609551948	0	2	0
D_CALL	175	reap
D_LIST	175	reap_before	1	0	1	0.001949671609551948
D_HSP	175	reap_before	0	0	1	21	48	22	48	1885	0	1	0.001949671609551948	0	2	0
D_RETURN	175	reap	0
D_LIST	175	reap_after	1	0	1	0.001949671609551948
D_HSP	175	reap_after	0	0	1	21	48	22	48	1885	0	1	0.001949671609551948	0	2	0
D_RETURN	142	redo	0
D_LIST	142	redo_after	NULL
