K_EARLY_STREAM	0	11	0	5.9289540854748713e-09	1
K_EARLY_STREAM	0	10	0	2.2459283157492171e-08	1
K_EARLY_STREAM	0	8	0	4.3618221040785187e-08	1
K_EARLY_STREAM	0	9	0	2.2770568526760856e-07	1
K_EARLY_STREAM	0	6	0	1.1760643244126461e-06	1
K_EARLY_STREAM	0	7	0	2.2606677259735987e-06	1
K_EARLY_STREAM	0	5	0	7.9244698062777276e-05	2
K_EARLY_STREAM	0	4	0	0.00028400732650746231	1
K_EARLY_STREAM	0	3	0	0.00073518743091455815	1
K_EARLY_STREAM	0	2	0	0.0018930483184955481	1
K_EARLY_STREAM	0	1	0	0.0066279262556222006	1
K_EARLY_STREAM	0	0	0	0.27143808250049567	1
K_EARLY_STREAM	0	89	0	4.2398460998624472	1
K_EARLY_STREAM	0	104	0	5.7440071826713641	1
K_EARLY_STREAM	0	83	0	5.7440071826713641	1
K_EARLY_STREAM	0	33	0	7.778888475582642	1
K_EARLY_STREAM	0	20	0	7.778888475582642	2
K_EARLY_STREAM	0	19	0	7.778888475582642	1
K_EARLY_STREAM	0	79	0	10.530654203388801	1
K_EARLY_STREAM	0	29	0	10.530654203388801	2
K_EARLY_STREAM	0	16	0	14.250378111673484	1
K_EARLY_STREAM	0	49	0	19.276542944553334	2
K_EARLY_STREAM	0	108	0	35.521052157917175	1
K_EARLY_STREAM	0	73	0	35.521052157917175	1
K_EARLY_STREAM	0	53	0	35.521052157917175	1
K_EARLY_STREAM	0	22	0	48.195275034316325	1
K_EARLY_STREAM	0	21	0	48.195275034316325	1
K_EARLY_STREAM	1	-1	-1	-1	-1
K_EARLY_EVAL	0	5.9289540854748713e-09	0	2	0	0.002	0
K_EARLY_EVAL	0	2.2459283157492171e-08	1	2	1.545120218461035e-08	0.002	0
K_EARLY_EVAL	0	4.3618221040785187e-08	2	2	1.545120218461035e-08	0.002	0
K_EARLY_EVAL	0	2.2770568526760856e-07	3	2	1.8057889736079817e-08	0.002	0
K_EARLY_EVAL	0	1.1760643244126461e-06	4	2	6.2021785039228186e-08	0.002	0
K_EARLY_EVAL	0	2.2606677259735987e-06	5	2	4.0922307268971027e-07	0.002	0
K_EARLY_EVAL	0	7.9244698062777276e-05	6	2	5.5112818879116157e-07	0.002	0
K_EARLY_EVAL	0	0.00028400732650746231	7	2	7.7674056660002755e-05	0.002	0
K_EARLY_EVAL	0	0.00073518743091455815	8	2	0.00022150254605642842	0.002	0
K_EARLY_EVAL	0	0.0018930483184955481	8	2	0.00022150254605642842	0.002	0
K_EARLY_EVAL	0	0.0066279262556222006	9	2	0.0016496826029049544	0.002	0
K_EARLY_EVAL	0	0.27143808250049567	10	2	0.001949671609551948	0.002	1
K_EARLY_EVAL	0	4.2398460998624472	10	2	0.001949671609551948	0.002	1
K_EARLY_EVAL	0	5.7440071826713641	10	2	0.001949671609551948	0.002	1
K_EARLY_EVAL	0	5.7440071826713641	10	2	0.001949671609551948	0.002	1
K_EARLY_EVAL	0	7.778888475582642	10	2	0.001949671609551948	0.002	1
K_EARLY_EVAL	0	7.778888475582642	10	2	0.001949671609551948	0.002	1
K_EARLY_EVAL	0	7.778888475582642	10	2	0.001949671609551948	0.002	1
K_EARLY_EVAL	0	10.530654203388801	10	2	0.001949671609551948	0.002	1
K_EARLY_EVAL	0	10.530654203388801	10	2	0.001949671609551948	0.002	1
K_EARLY_EVAL	0	14.250378111673484	10	2	0.001949671609551948	0.002	1
K_EARLY_EVAL	0	19.276542944553334	10	2	0.001949671609551948	0.002	1
K_EARLY_EVAL	0	35.521052157917175	10	2	0.001949671609551948	0.002	1
K_EARLY_EVAL	0	35.521052157917175	10	2	0.001949671609551948	0.002	1
K_EARLY_EVAL	0	35.521052157917175	10	2	0.001949671609551948	0.002	1
K_EARLY_EVAL	0	48.195275034316325	10	2	0.001949671609551948	0.002	1
K_EARLY_EVAL	0	48.195275034316325	10	2	0.001949671609551948	0.002	1
