K_CALL	0	redo_enter	1	0.0083437500000000005	-1	1	360	2	1	0	800	1	10	28	0
K_ALIGN	0	incoming	-1	0	3136	-1	0	40	58	40	58	1
K_CALL	1	partial_translation	360	1	0	120
K_TRANSLATED	1	120b0b07030e0b050a0b060306160705090712090d01100e0b0e010705131101070a071112060b10100a0f14130904070512030b0b04090b0412090311060b10091312030e0e01081301120409090e120b090f0912110609070b10091012090b071011091012140507091005140b0106070b0a0a01050711
K_CALL	2	adjust_scores	120	120	2	20	0	4	-1	1
K_CALL	0	redo_return	0	-1	1
K_ALIGN	0	redone	0	0	3044	4	0	40	58	40	58	1
K_CALL	3	redo_enter	1	0.0083437500000000005	-1	1	360	2	1	0	800	1	10	28	0
K_ALIGN	3	incoming	-1	0	3008	-1	0	40	59	40	59	1
K_CALL	4	partial_translation	360	1	0	120
K_TRANSLATED	4	10010e0a130b11111412051011090b0b0b0b0816100e07100e0911110d1005121111130511130807100a0f14130904070512030b0b04090b04011116130b011113130b100e0b12010b1607120901050e0c0e0f0108091112110e080b041010160b10091216100b010106100b091114100f12111013121009
K_CALL	5	adjust_scores	120	120	2	20	0	4	-1	1
K_CALL	3	redo_return	0	-1	1
K_ALIGN	3	redone	0	0	3056	4	0	40	59	40	59	1
K_CALL	6	redo_enter	1	0.0083437500000000005	-1	1	360	2	1	0	800	1	10	28	0
K_ALIGN	6	incoming	-1	0	2944	-1	0	37	57	37	57	1
K_CALL	7	partial_translation	360	1	0	120
K_TRANSLATED	7	1111081310100e10110b0813080601120f100f061216010501111207140b0712050f0d010705110d100a0f14130904070512030b0b04090b0d0105121016090d1208010f070811050d0e0513081610130612050109040f0b07100e0d0e140101120c110907010b09110c080b11100b050e0b070410061208
K_CALL	8	adjust_scores	120	120	2	20	0	4	-1	1
K_CALL	6	redo_return	0	-1	1
K_ALIGN	6	redone	0	0	3029	4	0	37	57	37	57	1
K_CALL	9	redo_enter	1	0.0083437500000000005	-1	1	360	2	1	0	800	1	10	28	0
K_ALIGN	9	incoming	-1	0	2784	-1	0	40	56	40	56	1
K_CALL	10	partial_translation	360	1	0	120
K_TRANSLATED	10	0e11070303070b110e0a0f110f090b030106070b0f0b1001131009100e0b12111107061611110909100a0f14130904070512030b0b04090b130108031104030f11120b05030b01071011110c101011110412090d0d090410130b0b0e07070e0708110e1116110112101103100b0e0b11010116131110010d
K_CALL	11	adjust_scores	120	120	2	20	0	4	-1	1
K_CALL	9	redo_return	0	-1	1
K_ALIGN	9	redone	0	0	2910	4	0	40	76	40	81	1
K_CALL	12	redo_enter	1	0.0083437500000000005	-1	1	360	2	1	0	800	1	10	28	0
K_ALIGN	12	incoming	-1	0	2624	-1	0	32	53	32	53	1
K_CALL	13	partial_translation	360	1	0	120
K_TRANSLATED	13	130107030c11010c1411140f070801040910010610110111120110070e0d100a050e0e0c0508130a100a0f14130904070512030b0b0e0d16010d0f131113080b1308070d0f0e07090e10010401110e111001100e0b06010e0410010510080f0b0107010f0b010b1110040e11140b070d16130b0612010d12
K_CALL	14	adjust_scores	120	120	2	20	0	4	-1	1
K_CALL	12	redo_return	0	-1	1
K_ALIGN	12	redone	0	0	2727	4	0	32	54	32	54	1
K_CALL	15	redo_enter	1	0.0083437500000000005	-1	1	360	2	1	0	800	1	10	28	0
K_ALIGN	15	incoming	-1	0	2560	-1	0	40	55	40	55	1
K_CALL	16	partial_translation	360	1	0	120
K_TRANSLATED	16	10100e06010b1207110b09110b0b0e160807070e0a0907050712080c010b110e12090611130f0912100a0f14130904070512030b0b040c1401070a130e010701111311130f0913091016091005110d010b141003090e130b12121612110e11120e0e0706100f0c100f16090d050e08100c0e10060d081105
K_CALL	17	adjust_scores	120	120	2	20	0	4	-1	1
K_CALL	15	redo_return	0	-1	1
K_ALIGN	15	redone	0	0	2698	4	0	40	110	40	114	1
K_CALL	18	redo_enter	2	0.0083437500000000005	-1	1	360	2	1	0	800	1	10	28	0
K_ALIGN	18	incoming	-1	0	2208	-1	0	40	52	40	52	1
K_ALIGN	18	incoming	-1	1	1152	-1	0	50	73	2	25	-1
K_CALL	19	partial_translation	360	-1	0	120
K_TRANSLATED	19	0e1003090b060b0811110e080a0f10081412090b050b080c10101107091909100e0505100e0f0a16110710100e030108110603101116100f0b1209100d061112011016110f12110612090d0d0e0b06120b011107110e1013190f030911011211101212040b070e110d030b090107010f110b0f07090e0e12
K_CALL	20	adjust_scores	120	120	2	20	0	4	-1	1
K_CALL	21	partial_translation	360	1	0	120
K_TRANSLATED	21	03071416120b0f100b101111040f121301101105130711111210111004010b0b080e101212070305100a0f14130904070512030b07091203030105130e04030f0b0e13010e0105100c0701141101120709060b10010b0b1001040b040e120e1208130a060a16030e130e0b0b131001120c050a0a16010110
K_CALL	22	adjust_scores	120	120	2	20	0	4	-1	1
K_CALL	18	redo_return	0	-1	1
K_ALIGN	18	redone	0	0	2210	4	0	33	52	33	52	1
K_ALIGN	18	redone	0	1	1295	4	0	50	75	2	27	-1
K_CALL	23	redo_enter	1	0.0083437500000000005	-1	1	360	2	1	0	800	1	10	28	0
K_ALIGN	23	incoming	-1	0	2080	-1	0	40	51	40	51	1
K_CALL	24	partial_translation	360	1	0	120
K_TRANSLATED	24	0701111311110f0d0e0a10041313071208101011100f131113091308131116091110110106061607100a0f1413090407051203110a13091007130b050b1013080b0609040d120810110f0816130e1111041210060b06160a0b01080a0d0811110d101112100c13071313131608101007090d130b1313120a
K_CALL	25	adjust_scores	120	120	2	20	0	4	-1	1
K_CALL	23	redo_return	0	-1	1
K_ALIGN	23	redone	0	0	2105	4	0	40	51	40	51	1
K_CALL	26	redo_enter	1	0.0083437500000000005	-1	1	360	2	1	0	800	1	10	28	0
K_ALIGN	26	incoming	-1	0	1984	-1	0	29	50	31	50	1
K_CALL	27	partial_translation	360	1	0	120
K_TRANSLATED	27	0b0912030f0b14010f090e11050b0107070404081011130e070906140e070114050a070403130104100a0f14130904070512160616070f051111110b050b12121107130b070109100e0e0e0309070b060d0d090b0b0e0d01130b16070c010e11090e10070f1112100e100703060a0606070b13160d0e0c0e
K_CALL	28	adjust_scores	120	120	2	20	0	4	-1	1
K_CALL	26	redo_return	0	-1	1
K_ALIGN	26	redone	0	0	1820	4	0	28	50	30	50	1
K_CALL	29	redo_enter	1	0.0083437500000000005	-1	1	360	2	1	0	800	1	10	28	0
K_ALIGN	29	incoming	-1	0	1888	-1	0	39	60	39	56	1
K_CALL	30	partial_translation	360	1	0	120
K_TRANSLATED	30	0b0e0b11030a0e060d0b080b11110e10010b061107140109120603080813040109070d0303110316100a0f14130904070504070b071212070911070b0b0601120e10060f1211130a0a100801100e0e0b110a06110a0e14120a050c011007130c100a16060d121105050e06111305100b110809010f110a11
K_CALL	31	adjust_scores	120	120	2	20	0	4	-1	1
K_CALL	29	redo_return	0	-1	1
K_ALIGN	29	redone	0	0	1902	4	0	39	60	39	56	1
K_CALL	32	redo_enter	1	0.0083437500000000005	-1	1	360	2	1	0	800	1	10	28	0
K_ALIGN	32	incoming	-1	0	1760	-1	0	32	48	32	48	1
K_CALL	33	partial_translation	360	1	0	120
K_TRANSLATED	33	110a07010601060b0710120810100f0b0b0308070b100f0110110a080913010a04110e0b100a0d06100a0f1413090407070a110a0d060b05041109120e070b0e110a0f101203110e110916110e0a09130f10101114110b100e0112070d07111609110e1111070f0a0813030b030304040c0a010910011013
K_CALL	34	adjust_scores	120	120	2	20	0	4	-1	1
K_CALL	32	redo_return	0	-1	1
K_ALIGN	32	redone	0	0	1885	4	0	21	48	22	48	1
