MERGE_INPUT	0	2147483647	0	-2147483648	0	1	0	2	0
MERGE_IN_HSP	0	0	0	789	1	0	120	28	0	120	28
MERGE_IN_HSP	0	1	1	474	1	0	70	5	25	95	30
MERGE_OUTPUT	0	0	0	2
MERGE_OUT_HSP	0	0	0	789	1	0	120	28	0	120	28
MERGE_OUT_HSP	0	1	1	474	1	0	70	5	25	95	30
APPEND_INPUT	0	2147483647	2	0
APPEND_IN_HSP	0	0	0	789	1	0	120	0	120
APPEND_IN_HSP	0	1	1	474	1	0	70	25	95
APPEND_OUTPUT	0	0	0	2
APPEND_OUT_HSP	0	0	0	789	1	0	120	0	120
APPEND_OUT_HSP	0	1	1	474	1	0	70	25	95
MERGE_INPUT	1	2147483647	0	-2147483648	0	1	0	8	0
MERGE_IN_HSP	1	0	0	31	2	3	8	5	111	116	113
MERGE_IN_HSP	1	1	0	21	2	77	86	82	34	43	39
MERGE_IN_HSP	1	2	1	20	2	26	31	28	34	39	36
MERGE_IN_HSP	1	3	0	20	2	51	56	53	34	39	36
MERGE_IN_HSP	1	4	1	18	2	26	32	29	82	88	85
MERGE_IN_HSP	1	5	0	18	2	51	57	54	82	88	85
MERGE_IN_HSP	1	6	0	18	2	63	65	64	111	113	112
MERGE_IN_HSP	1	7	0	10	2	102	104	103	74	76	75
MERGE_OUTPUT	1	0	0	8
MERGE_OUT_HSP	1	0	0	31	2	3	8	5	111	116	113
MERGE_OUT_HSP	1	1	0	21	2	77	86	82	34	43	39
MERGE_OUT_HSP	1	2	1	20	2	26	31	28	34	39	36
MERGE_OUT_HSP	1	3	0	20	2	51	56	53	34	39	36
MERGE_OUT_HSP	1	4	1	18	2	26	32	29	82	88	85
MERGE_OUT_HSP	1	5	0	18	2	51	57	54	82	88	85
MERGE_OUT_HSP	1	6	0	18	2	63	65	64	111	113	112
MERGE_OUT_HSP	1	7	0	10	2	102	104	103	74	76	75
APPEND_INPUT	1	2147483647	8	2
APPEND_IN_HSP	1	0	0	31	2	3	8	111	116
APPEND_IN_HSP	1	1	0	21	2	77	86	34	43
APPEND_IN_HSP	1	2	1	20	2	26	31	34	39
APPEND_IN_HSP	1	3	0	20	2	51	56	34	39
APPEND_IN_HSP	1	4	1	18	2	26	32	82	88
APPEND_IN_HSP	1	5	0	18	2	51	57	82	88
APPEND_IN_HSP	1	6	0	18	2	63	65	111	113
APPEND_IN_HSP	1	7	0	10	2	102	104	74	76
APPEND_OLD_HSP	1	0	0	789	1	0	120	0	120
APPEND_OLD_HSP	1	1	1	474	1	0	70	25	95
APPEND_OUTPUT	1	0	0	10
APPEND_OUT_HSP	1	0	0	789	1	0	120	0	120
APPEND_OUT_HSP	1	1	1	474	1	0	70	25	95
APPEND_OUT_HSP	1	2	0	31	2	3	8	111	116
APPEND_OUT_HSP	1	3	0	21	2	77	86	34	43
APPEND_OUT_HSP	1	4	1	20	2	26	31	34	39
APPEND_OUT_HSP	1	5	0	20	2	51	56	34	39
APPEND_OUT_HSP	1	6	1	18	2	26	32	82	88
APPEND_OUT_HSP	1	7	0	18	2	51	57	82	88
APPEND_OUT_HSP	1	8	0	18	2	63	65	111	113
APPEND_OUT_HSP	1	9	0	10	2	102	104	74	76
MERGE_INPUT	2	2147483647	0	-2147483648	0	1	0	4	0
MERGE_IN_HSP	2	0	1	25	3	32	43	40	50	62	59
MERGE_IN_HSP	2	1	0	25	3	57	68	65	50	62	59
MERGE_IN_HSP	2	2	0	23	3	63	65	64	72	74	73
MERGE_IN_HSP	2	3	0	12	3	38	40	39	32	34	33
MERGE_OUTPUT	2	0	0	4
MERGE_OUT_HSP	2	0	1	25	3	32	43	40	50	62	59
MERGE_OUT_HSP	2	1	0	25	3	57	68	65	50	62	59
MERGE_OUT_HSP	2	2	0	23	3	63	65	64	72	74	73
MERGE_OUT_HSP	2	3	0	12	3	38	40	39	32	34	33
APPEND_INPUT	2	2147483647	4	10
APPEND_IN_HSP	2	0	1	25	3	32	43	50	62
APPEND_IN_HSP	2	1	0	25	3	57	68	50	62
APPEND_IN_HSP	2	2	0	23	3	63	65	72	74
APPEND_IN_HSP	2	3	0	12	3	38	40	32	34
APPEND_OLD_HSP	2	0	0	789	1	0	120	0	120
APPEND_OLD_HSP	2	1	1	474	1	0	70	25	95
APPEND_OLD_HSP	2	2	0	31	2	3	8	111	116
APPEND_OLD_HSP	2	3	0	21	2	77	86	34	43
APPEND_OLD_HSP	2	4	1	20	2	26	31	34	39
APPEND_OLD_HSP	2	5	0	20	2	51	56	34	39
APPEND_OLD_HSP	2	6	1	18	2	26	32	82	88
APPEND_OLD_HSP	2	7	0	18	2	51	57	82	88
APPEND_OLD_HSP	2	8	0	18	2	63	65	111	113
APPEND_OLD_HSP	2	9	0	10	2	102	104	74	76
APPEND_OUTPUT	2	0	0	14
APPEND_OUT_HSP	2	0	0	789	1	0	120	0	120
APPEND_OUT_HSP	2	1	1	474	1	0	70	25	95
APPEND_OUT_HSP	2	2	0	31	2	3	8	111	116
APPEND_OUT_HSP	2	3	1	25	3	32	43	50	62
APPEND_OUT_HSP	2	4	0	25	3	57	68	50	62
APPEND_OUT_HSP	2	5	0	23	3	63	65	72	74
APPEND_OUT_HSP	2	6	0	21	2	77	86	34	43
APPEND_OUT_HSP	2	7	1	20	2	26	31	34	39
APPEND_OUT_HSP	2	8	0	20	2	51	56	34	39
APPEND_OUT_HSP	2	9	1	18	2	26	32	82	88
APPEND_OUT_HSP	2	10	0	18	2	51	57	82	88
APPEND_OUT_HSP	2	11	0	18	2	63	65	111	113
APPEND_OUT_HSP	2	12	0	12	3	38	40	32	34
APPEND_OUT_HSP	2	13	0	10	2	102	104	74	76
MERGE_INPUT	3	2147483647	0	-2147483648	0	1	0	3	0
MERGE_IN_HSP	3	0	0	20	-1	33	40	34	111	118	112
MERGE_IN_HSP	3	1	0	19	-1	33	52	46	61	80	74
MERGE_IN_HSP	3	2	0	14	-1	33	35	34	106	108	107
MERGE_OUTPUT	3	0	0	3
MERGE_OUT_HSP	3	0	0	20	-1	33	40	34	111	118	112
MERGE_OUT_HSP	3	1	0	19	-1	33	52	46	61	80	74
MERGE_OUT_HSP	3	2	0	14	-1	33	35	34	106	108	107
APPEND_INPUT	3	2147483647	3	14
APPEND_IN_HSP	3	0	0	20	-1	33	40	111	118
APPEND_IN_HSP	3	1	0	19	-1	33	52	61	80
APPEND_IN_HSP	3	2	0	14	-1	33	35	106	108
APPEND_OLD_HSP	3	0	0	789	1	0	120	0	120
APPEND_OLD_HSP	3	1	1	474	1	0	70	25	95
APPEND_OLD_HSP	3	2	0	31	2	3	8	111	116
APPEND_OLD_HSP	3	3	1	25	3	32	43	50	62
APPEND_OLD_HSP	3	4	0	25	3	57	68	50	62
APPEND_OLD_HSP	3	5	0	23	3	63	65	72	74
APPEND_OLD_HSP	3	6	0	21	2	77	86	34	43
APPEND_OLD_HSP	3	7	1	20	2	26	31	34	39
APPEND_OLD_HSP	3	8	0	20	2	51	56	34	39
APPEND_OLD_HSP	3	9	1	18	2	26	32	82	88
APPEND_OLD_HSP	3	10	0	18	2	51	57	82	88
APPEND_OLD_HSP	3	11	0	18	2	63	65	111	113
APPEND_OLD_HSP	3	12	0	12	3	38	40	32	34
APPEND_OLD_HSP	3	13	0	10	2	102	104	74	76
APPEND_OUTPUT	3	0	0	17
APPEND_OUT_HSP	3	0	0	789	1	0	120	0	120
APPEND_OUT_HSP	3	1	1	474	1	0	70	25	95
APPEND_OUT_HSP	3	2	0	31	2	3	8	111	116
APPEND_OUT_HSP	3	3	1	25	3	32	43	50	62
APPEND_OUT_HSP	3	4	0	25	3	57	68	50	62
APPEND_OUT_HSP	3	5	0	23	3	63	65	72	74
APPEND_OUT_HSP	3	6	0	21	2	77	86	34	43
APPEND_OUT_HSP	3	7	1	20	2	26	31	34	39
APPEND_OUT_HSP	3	8	0	20	2	51	56	34	39
APPEND_OUT_HSP	3	9	0	20	-1	33	40	111	118
APPEND_OUT_HSP	3	10	0	19	-1	33	52	61	80
APPEND_OUT_HSP	3	11	1	18	2	26	32	82	88
APPEND_OUT_HSP	3	12	0	18	2	51	57	82	88
APPEND_OUT_HSP	3	13	0	18	2	63	65	111	113
APPEND_OUT_HSP	3	14	0	14	-1	33	35	106	108
APPEND_OUT_HSP	3	15	0	12	3	38	40	32	34
APPEND_OUT_HSP	3	16	0	10	2	102	104	74	76
MERGE_INPUT	4	2147483647	0	-2147483648	0	1	0	4	0
MERGE_IN_HSP	4	0	1	20	-2	28	41	33	56	69	61
MERGE_IN_HSP	4	1	0	20	-2	53	66	58	56	69	61
MERGE_IN_HSP	4	2	0	16	-2	93	95	94	73	75	74
MERGE_IN_HSP	4	3	1	16	-2	68	69	69	73	74	74
MERGE_OUTPUT	4	0	0	4
MERGE_OUT_HSP	4	0	1	20	-2	28	41	33	56	69	61
MERGE_OUT_HSP	4	1	0	20	-2	53	66	58	56	69	61
MERGE_OUT_HSP	4	2	0	16	-2	93	95	94	73	75	74
MERGE_OUT_HSP	4	3	1	16	-2	68	69	69	73	74	74
APPEND_INPUT	4	2147483647	4	17
APPEND_IN_HSP	4	0	1	20	-2	28	41	56	69
APPEND_IN_HSP	4	1	0	20	-2	53	66	56	69
APPEND_IN_HSP	4	2	0	16	-2	93	95	73	75
APPEND_IN_HSP	4	3	1	16	-2	68	69	73	74
APPEND_OLD_HSP	4	0	0	789	1	0	120	0	120
APPEND_OLD_HSP	4	1	1	474	1	0	70	25	95
APPEND_OLD_HSP	4	2	0	31	2	3	8	111	116
APPEND_OLD_HSP	4	3	1	25	3	32	43	50	62
APPEND_OLD_HSP	4	4	0	25	3	57	68	50	62
APPEND_OLD_HSP	4	5	0	23	3	63	65	72	74
APPEND_OLD_HSP	4	6	0	21	2	77	86	34	43
APPEND_OLD_HSP	4	7	1	20	2	26	31	34	39
APPEND_OLD_HSP	4	8	0	20	2	51	56	34	39
APPEND_OLD_HSP	4	9	0	20	-1	33	40	111	118
APPEND_OLD_HSP	4	10	0	19	-1	33	52	61	80
APPEND_OLD_HSP	4	11	1	18	2	26	32	82	88
APPEND_OLD_HSP	4	12	0	18	2	51	57	82	88
APPEND_OLD_HSP	4	13	0	18	2	63	65	111	113
APPEND_OLD_HSP	4	14	0	14	-1	33	35	106	108
APPEND_OLD_HSP	4	15	0	12	3	38	40	32	34
APPEND_OLD_HSP	4	16	0	10	2	102	104	74	76
APPEND_OUTPUT	4	0	0	21
APPEND_OUT_HSP	4	0	0	789	1	0	120	0	120
APPEND_OUT_HSP	4	1	1	474	1	0	70	25	95
APPEND_OUT_HSP	4	2	0	31	2	3	8	111	116
APPEND_OUT_HSP	4	3	1	25	3	32	43	50	62
APPEND_OUT_HSP	4	4	0	25	3	57	68	50	62
APPEND_OUT_HSP	4	5	0	23	3	63	65	72	74
APPEND_OUT_HSP	4	6	0	21	2	77	86	34	43
APPEND_OUT_HSP	4	7	1	20	2	26	31	34	39
APPEND_OUT_HSP	4	8	0	20	2	51	56	34	39
APPEND_OUT_HSP	4	9	1	20	-2	28	41	56	69
APPEND_OUT_HSP	4	10	0	20	-2	53	66	56	69
APPEND_OUT_HSP	4	11	0	20	-1	33	40	111	118
APPEND_OUT_HSP	4	12	0	19	-1	33	52	61	80
APPEND_OUT_HSP	4	13	1	18	2	26	32	82	88
APPEND_OUT_HSP	4	14	0	18	2	51	57	82	88
APPEND_OUT_HSP	4	15	0	18	2	63	65	111	113
APPEND_OUT_HSP	4	16	0	16	-2	93	95	73	75
APPEND_OUT_HSP	4	17	1	16	-2	68	69	73	74
APPEND_OUT_HSP	4	18	0	14	-1	33	35	106	108
APPEND_OUT_HSP	4	19	0	12	3	38	40	32	34
APPEND_OUT_HSP	4	20	0	10	2	102	104	74	76
MERGE_INPUT	5	2147483647	0	-2147483648	0	1	0	1	0
MERGE_IN_HSP	5	0	0	24	-3	19	58	24	62	101	67
MERGE_OUTPUT	5	0	0	1
MERGE_OUT_HSP	5	0	0	24	-3	19	58	24	62	101	67
APPEND_INPUT	5	2147483647	1	21
APPEND_IN_HSP	5	0	0	24	-3	19	58	62	101
APPEND_OLD_HSP	5	0	0	789	1	0	120	0	120
APPEND_OLD_HSP	5	1	1	474	1	0	70	25	95
APPEND_OLD_HSP	5	2	0	31	2	3	8	111	116
APPEND_OLD_HSP	5	3	1	25	3	32	43	50	62
APPEND_OLD_HSP	5	4	0	25	3	57	68	50	62
APPEND_OLD_HSP	5	5	0	23	3	63	65	72	74
APPEND_OLD_HSP	5	6	0	21	2	77	86	34	43
APPEND_OLD_HSP	5	7	1	20	2	26	31	34	39
APPEND_OLD_HSP	5	8	0	20	2	51	56	34	39
APPEND_OLD_HSP	5	9	1	20	-2	28	41	56	69
APPEND_OLD_HSP	5	10	0	20	-2	53	66	56	69
APPEND_OLD_HSP	5	11	0	20	-1	33	40	111	118
APPEND_OLD_HSP	5	12	0	19	-1	33	52	61	80
APPEND_OLD_HSP	5	13	1	18	2	26	32	82	88
APPEND_OLD_HSP	5	14	0	18	2	51	57	82	88
APPEND_OLD_HSP	5	15	0	18	2	63	65	111	113
APPEND_OLD_HSP	5	16	0	16	-2	93	95	73	75
APPEND_OLD_HSP	5	17	1	16	-2	68	69	73	74
APPEND_OLD_HSP	5	18	0	14	-1	33	35	106	108
APPEND_OLD_HSP	5	19	0	12	3	38	40	32	34
APPEND_OLD_HSP	5	20	0	10	2	102	104	74	76
APPEND_OUTPUT	5	0	0	22
APPEND_OUT_HSP	5	0	0	789	1	0	120	0	120
APPEND_OUT_HSP	5	1	1	474	1	0	70	25	95
APPEND_OUT_HSP	5	2	0	31	2	3	8	111	116
APPEND_OUT_HSP	5	3	1	25	3	32	43	50	62
APPEND_OUT_HSP	5	4	0	25	3	57	68	50	62
APPEND_OUT_HSP	5	5	0	24	-3	19	58	62	101
APPEND_OUT_HSP	5	6	0	23	3	63	65	72	74
APPEND_OUT_HSP	5	7	0	21	2	77	86	34	43
APPEND_OUT_HSP	5	8	1	20	2	26	31	34	39
APPEND_OUT_HSP	5	9	0	20	2	51	56	34	39
APPEND_OUT_HSP	5	10	1	20	-2	28	41	56	69
APPEND_OUT_HSP	5	11	0	20	-2	53	66	56	69
APPEND_OUT_HSP	5	12	0	20	-1	33	40	111	118
APPEND_OUT_HSP	5	13	0	19	-1	33	52	61	80
APPEND_OUT_HSP	5	14	1	18	2	26	32	82	88
APPEND_OUT_HSP	5	15	0	18	2	51	57	82	88
APPEND_OUT_HSP	5	16	0	18	2	63	65	111	113
APPEND_OUT_HSP	5	17	0	16	-2	93	95	73	75
APPEND_OUT_HSP	5	18	1	16	-2	68	69	73	74
APPEND_OUT_HSP	5	19	0	14	-1	33	35	106	108
APPEND_OUT_HSP	5	20	0	12	3	38	40	32	34
APPEND_OUT_HSP	5	21	0	10	2	102	104	74	76
