CONTAINS	0	1	0	120	0	120
CONTAINS	0	1	0	70	25	95
CONTAINS	1	1	54	57	51	54
CONTAINS	1	1	51	54	54	57
CONTAINS	1	1	71	73	66	68
CONTAINS	1	1	66	68	71	73
ENDPOINT_INPUT	1	2
ENDPOINT_IN_HSP	0	789	1	0	120	0	120
ENDPOINT_IN_HSP	1	474	1	0	70	25	95
ENDPOINT_OUTPUT	2	2
ENDPOINT_OUT_HSP	0	789	1	0	120	0	120
ENDPOINT_OUT_HSP	1	474	1	0	70	25	95
CONTAINS	0	2	3	8	111	116
CONTAINS	0	2	51	56	34	39
CONTAINS	0	2	26	31	34	39
CONTAINS	0	2	51	57	82	88
CONTAINS	0	2	26	32	82	88
CONTAINS	0	2	63	65	111	113
CONTAINS	0	2	77	106	34	63
CONTAINS	0	2	102	104	74	76
ENDPOINT_INPUT	1	8
ENDPOINT_IN_HSP	0	31	2	3	8	111	116
ENDPOINT_IN_HSP	1	20	2	51	56	34	39
ENDPOINT_IN_HSP	2	20	2	26	31	34	39
ENDPOINT_IN_HSP	3	18	2	51	57	82	88
ENDPOINT_IN_HSP	4	18	2	26	32	82	88
ENDPOINT_IN_HSP	5	18	2	63	65	111	113
ENDPOINT_IN_HSP	6	21	2	77	86	34	43
ENDPOINT_IN_HSP	7	10	2	102	104	74	76
ENDPOINT_OUTPUT	8	8
ENDPOINT_OUT_HSP	0	31	2	3	8	111	116
ENDPOINT_OUT_HSP	1	20	2	51	56	34	39
ENDPOINT_OUT_HSP	2	18	2	51	57	82	88
ENDPOINT_OUT_HSP	3	18	2	63	65	111	113
ENDPOINT_OUT_HSP	4	21	2	77	86	34	43
ENDPOINT_OUT_HSP	5	10	2	102	104	74	76
ENDPOINT_OUT_HSP	6	20	2	26	31	34	39
ENDPOINT_OUT_HSP	7	18	2	26	32	82	88
CONTAINS	0	3	63	65	72	74
CONTAINS	0	3	64	66	58	60
CONTAINS	0	3	39	41	58	60
CONTAINS	0	3	38	40	32	34
ENDPOINT_INPUT	1	4
ENDPOINT_IN_HSP	0	23	3	63	65	72	74
ENDPOINT_IN_HSP	1	25	3	57	68	50	62
ENDPOINT_IN_HSP	2	25	3	32	43	50	62
ENDPOINT_IN_HSP	3	12	3	38	40	32	34
ENDPOINT_OUTPUT	4	4
ENDPOINT_OUT_HSP	0	12	3	38	40	32	34
ENDPOINT_OUT_HSP	1	23	3	63	65	72	74
ENDPOINT_OUT_HSP	2	25	3	57	68	50	62
ENDPOINT_OUT_HSP	3	25	3	32	43	50	62
CONTAINS	0	-1	33	52	61	80
CONTAINS	0	-1	33	35	106	108
CONTAINS	0	-1	33	35	111	113
ENDPOINT_INPUT	1	3
ENDPOINT_IN_HSP	0	19	-1	33	52	61	80
ENDPOINT_IN_HSP	1	14	-1	33	35	106	108
ENDPOINT_IN_HSP	2	20	-1	33	40	111	118
ENDPOINT_OUTPUT	3	3
ENDPOINT_OUT_HSP	0	14	-1	33	35	106	108
ENDPOINT_OUT_HSP	1	20	-1	33	40	111	118
ENDPOINT_OUT_HSP	2	19	-1	33	52	61	80
CONTAINS	0	-2	53	66	56	69
CONTAINS	0	-2	28	41	56	69
CONTAINS	0	-2	93	95	73	75
CONTAINS	0	-2	68	70	73	75
ENDPOINT_INPUT	1	4
ENDPOINT_IN_HSP	0	20	-2	53	66	56	69
ENDPOINT_IN_HSP	1	20	-2	28	41	56	69
ENDPOINT_IN_HSP	2	16	-2	93	95	73	75
ENDPOINT_IN_HSP	3	16	-2	68	69	73	74
ENDPOINT_OUTPUT	4	4
ENDPOINT_OUT_HSP	0	20	-2	53	66	56	69
ENDPOINT_OUT_HSP	1	16	-2	93	95	73	75
ENDPOINT_OUT_HSP	2	20	-2	28	41	56	69
ENDPOINT_OUT_HSP	3	16	-2	68	69	73	74
CONTAINS	0	-3	19	58	62	101
CONTAINS	1	-3	54	56	94	96
ENDPOINT_INPUT	1	1
ENDPOINT_IN_HSP	0	24	-3	19	58	62	101
ENDPOINT_OUTPUT	1	1
ENDPOINT_OUT_HSP	0	24	-3	19	58	62	101
TRACEBACK_INPUT	0	6
TRACEBACK_CONTEXT	1	6
TRACEBACK_IN_HSP	0	0	474	1	0	70	25	95
TRACEBACK_IN_CONTEXT_HSP	1	0	1
TRACEBACK_IN_HSP	0	1	25	3	32	43	50	62
TRACEBACK_IN_CONTEXT_HSP	1	1	1
TRACEBACK_IN_HSP	0	2	20	2	26	31	34	39
TRACEBACK_IN_CONTEXT_HSP	1	2	1
TRACEBACK_IN_HSP	0	3	20	-2	28	41	56	69
TRACEBACK_IN_CONTEXT_HSP	1	3	1
TRACEBACK_IN_HSP	0	4	18	2	26	32	82	88
TRACEBACK_IN_CONTEXT_HSP	1	4	1
TRACEBACK_IN_HSP	0	5	16	-2	68	69	73	74
TRACEBACK_IN_CONTEXT_HSP	1	5	1
CONTAINS	0	1	0	70	25	95
TARGET_TRANSLATION	1	25	95	0	120	120	1
TRACEBACK_OUTPUT	0	0	6	1
TRACEBACK_OUT_HSP	0	0	474	1	0	70	25	95
TRACEBACK_OUT_HSP	0	1	25	3	32	43	50	62
TRACEBACK_OUT_HSP	0	2	20	2	26	31	34	39
TRACEBACK_OUT_HSP	0	3	20	-2	28	41	56	69
TRACEBACK_OUT_HSP	0	4	18	2	26	32	82	88
TRACEBACK_OUT_HSP	0	5	16	-2	68	69	73	74
TRACEBACK_INPUT	0	6
TRACEBACK_CONTEXT	1	6
TRACEBACK_IN_HSP	0	0	474	1	0	70	25	95
TRACEBACK_IN_CONTEXT_HSP	1	0	1
TRACEBACK_IN_HSP	0	1	25	3	32	43	50	62
TRACEBACK_IN_CONTEXT_HSP	1	1	1
TRACEBACK_IN_HSP	0	2	20	2	26	31	34	39
TRACEBACK_IN_CONTEXT_HSP	1	2	1
TRACEBACK_IN_HSP	0	3	20	-2	28	41	56	69
TRACEBACK_IN_CONTEXT_HSP	1	3	1
TRACEBACK_IN_HSP	0	4	18	2	26	32	82	88
TRACEBACK_IN_CONTEXT_HSP	1	4	1
TRACEBACK_IN_HSP	0	5	16	-2	68	69	73	74
TRACEBACK_IN_CONTEXT_HSP	1	5	1
CONTAINS	0	1	0	70	25	95
TARGET_TRANSLATION	1	-1	0	0	120	120	1
HSP_TEST	0	70	0	70	25	95
CONTAINS	1	3	32	43	50	62
CONTAINS	1	2	26	31	34	39
CONTAINS	0	-2	28	41	56	69
TARGET_TRANSLATION	-2	-1	0	0	120	120	1
HSP_TEST	0	13	28	41	56	69
CONTAINS	1	2	26	32	82	88
CONTAINS	0	-2	68	69	73	74
TARGET_TRANSLATION	-2	-1	0	0	120	120	1
HSP_TEST	0	2	68	70	73	75
ENDPOINT_INPUT	0	3
ENDPOINT_IN_HSP	0	474	1	0	70	25	95
ENDPOINT_IN_HSP	1	20	-2	28	41	56	69
ENDPOINT_IN_HSP	2	16	-2	68	70	73	75
ENDPOINT_OUTPUT	3	3
ENDPOINT_OUT_HSP	0	20	-2	28	41	56	69
ENDPOINT_OUT_HSP	1	16	-2	68	70	73	75
ENDPOINT_OUT_HSP	2	474	1	0	70	25	95
CONTAINS	0	1	0	70	25	95
CONTAINS	0	-2	28	41	56	69
CONTAINS	0	-2	68	70	73	75
TRACEBACK_OUTPUT	0	0	3	0
TRACEBACK_OUT_HSP	0	0	474	1	0	70	25	95
TRACEBACK_OUT_HSP	0	1	20	-2	28	41	56	69
TRACEBACK_OUT_HSP	0	2	16	-2	68	70	73	75
TRACEBACK_INPUT	0	16
TRACEBACK_CONTEXT	0	16
TRACEBACK_IN_HSP	0	0	789	1	0	120	0	120
TRACEBACK_IN_CONTEXT_HSP	0	0	0
TRACEBACK_IN_HSP	0	1	31	2	3	8	111	116
TRACEBACK_IN_CONTEXT_HSP	0	1	0
TRACEBACK_IN_HSP	0	2	25	3	57	68	50	62
TRACEBACK_IN_CONTEXT_HSP	0	2	0
TRACEBACK_IN_HSP	0	3	24	-3	19	58	62	101
TRACEBACK_IN_CONTEXT_HSP	0	3	0
TRACEBACK_IN_HSP	0	4	23	3	63	65	72	74
TRACEBACK_IN_CONTEXT_HSP	0	4	0
TRACEBACK_IN_HSP	0	5	21	2	77	86	34	43
TRACEBACK_IN_CONTEXT_HSP	0	5	0
TRACEBACK_IN_HSP	0	6	20	2	51	56	34	39
TRACEBACK_IN_CONTEXT_HSP	0	6	0
TRACEBACK_IN_HSP	0	7	20	-2	53	66	56	69
TRACEBACK_IN_CONTEXT_HSP	0	7	0
TRACEBACK_IN_HSP	0	8	20	-1	33	40	111	118
TRACEBACK_IN_CONTEXT_HSP	0	8	0
TRACEBACK_IN_HSP	0	9	19	-1	33	52	61	80
TRACEBACK_IN_CONTEXT_HSP	0	9	0
TRACEBACK_IN_HSP	0	10	18	2	51	57	82	88
TRACEBACK_IN_CONTEXT_HSP	0	10	0
TRACEBACK_IN_HSP	0	11	18	2	63	65	111	113
TRACEBACK_IN_CONTEXT_HSP	0	11	0
TRACEBACK_IN_HSP	0	12	16	-2	93	95	73	75
TRACEBACK_IN_CONTEXT_HSP	0	12	0
TRACEBACK_IN_HSP	0	13	14	-1	33	35	106	108
TRACEBACK_IN_CONTEXT_HSP	0	13	0
TRACEBACK_IN_HSP	0	14	12	3	38	40	32	34
TRACEBACK_IN_CONTEXT_HSP	0	14	0
TRACEBACK_IN_HSP	0	15	10	2	102	104	74	76
TRACEBACK_IN_CONTEXT_HSP	0	15	0
CONTAINS	0	1	0	120	0	120
TARGET_TRANSLATION	1	0	120	0	120	120	1
TRACEBACK_OUTPUT	0	0	16	1
TRACEBACK_OUT_HSP	0	0	789	1	0	120	0	120
TRACEBACK_OUT_HSP	0	1	31	2	3	8	111	116
TRACEBACK_OUT_HSP	0	2	25	3	57	68	50	62
TRACEBACK_OUT_HSP	0	3	24	-3	19	58	62	101
TRACEBACK_OUT_HSP	0	4	23	3	63	65	72	74
TRACEBACK_OUT_HSP	0	5	21	2	77	86	34	43
TRACEBACK_OUT_HSP	0	6	20	2	51	56	34	39
TRACEBACK_OUT_HSP	0	7	20	-2	53	66	56	69
TRACEBACK_OUT_HSP	0	8	20	-1	33	40	111	118
TRACEBACK_OUT_HSP	0	9	19	-1	33	52	61	80
TRACEBACK_OUT_HSP	0	10	18	2	51	57	82	88
TRACEBACK_OUT_HSP	0	11	18	2	63	65	111	113
TRACEBACK_OUT_HSP	0	12	16	-2	93	95	73	75
TRACEBACK_OUT_HSP	0	13	14	-1	33	35	106	108
TRACEBACK_OUT_HSP	0	14	12	3	38	40	32	34
TRACEBACK_OUT_HSP	0	15	10	2	102	104	74	76
TRACEBACK_INPUT	0	16
TRACEBACK_CONTEXT	0	16
TRACEBACK_IN_HSP	0	0	789	1	0	120	0	120
TRACEBACK_IN_CONTEXT_HSP	0	0	0
TRACEBACK_IN_HSP	0	1	31	2	3	8	111	116
TRACEBACK_IN_CONTEXT_HSP	0	1	0
TRACEBACK_IN_HSP	0	2	25	3	57	68	50	62
TRACEBACK_IN_CONTEXT_HSP	0	2	0
TRACEBACK_IN_HSP	0	3	24	-3	19	58	62	101
TRACEBACK_IN_CONTEXT_HSP	0	3	0
TRACEBACK_IN_HSP	0	4	23	3	63	65	72	74
TRACEBACK_IN_CONTEXT_HSP	0	4	0
TRACEBACK_IN_HSP	0	5	21	2	77	86	34	43
TRACEBACK_IN_CONTEXT_HSP	0	5	0
TRACEBACK_IN_HSP	0	6	20	2	51	56	34	39
TRACEBACK_IN_CONTEXT_HSP	0	6	0
TRACEBACK_IN_HSP	0	7	20	-2	53	66	56	69
TRACEBACK_IN_CONTEXT_HSP	0	7	0
TRACEBACK_IN_HSP	0	8	20	-1	33	40	111	118
TRACEBACK_IN_CONTEXT_HSP	0	8	0
TRACEBACK_IN_HSP	0	9	19	-1	33	52	61	80
TRACEBACK_IN_CONTEXT_HSP	0	9	0
TRACEBACK_IN_HSP	0	10	18	2	51	57	82	88
TRACEBACK_IN_CONTEXT_HSP	0	10	0
TRACEBACK_IN_HSP	0	11	18	2	63	65	111	113
TRACEBACK_IN_CONTEXT_HSP	0	11	0
TRACEBACK_IN_HSP	0	12	16	-2	93	95	73	75
TRACEBACK_IN_CONTEXT_HSP	0	12	0
TRACEBACK_IN_HSP	0	13	14	-1	33	35	106	108
TRACEBACK_IN_CONTEXT_HSP	0	13	0
TRACEBACK_IN_HSP	0	14	12	3	38	40	32	34
TRACEBACK_IN_CONTEXT_HSP	0	14	0
TRACEBACK_IN_HSP	0	15	10	2	102	104	74	76
TRACEBACK_IN_CONTEXT_HSP	0	15	0
CONTAINS	0	1	0	120	0	120
TARGET_TRANSLATION	1	-1	0	0	120	120	1
HSP_TEST	0	120	0	120	0	120
CONTAINS	1	2	3	8	111	116
CONTAINS	1	3	57	68	50	62
CONTAINS	0	-3	19	58	62	101
TARGET_TRANSLATION	-3	-1	0	0	120	120	1
HSP_TEST	0	39	19	58	62	101
CONTAINS	1	3	63	65	72	74
CONTAINS	1	2	77	86	34	43
CONTAINS	1	2	51	56	34	39
CONTAINS	0	-2	53	66	56	69
TARGET_TRANSLATION	-2	-1	0	0	120	120	1
HSP_TEST	0	13	53	66	56	69
CONTAINS	0	-1	33	40	111	118
TARGET_TRANSLATION	-1	-1	0	0	120	120	1
HSP_TEST	0	7	33	40	111	118
CONTAINS	0	-1	33	52	61	80
TARGET_TRANSLATION	-1	-1	0	0	120	120	1
HSP_TEST	0	19	33	52	61	80
CONTAINS	1	2	51	57	82	88
CONTAINS	1	2	63	65	111	113
CONTAINS	0	-2	93	95	73	75
TARGET_TRANSLATION	-2	-1	0	0	120	120	1
HSP_TEST	0	2	93	95	73	75
CONTAINS	0	-1	33	35	106	108
TARGET_TRANSLATION	-1	-1	0	0	120	120	1
HSP_TEST	0	2	33	35	106	108
CONTAINS	1	3	38	40	32	34
CONTAINS	1	2	102	104	74	76
ENDPOINT_INPUT	0	7
ENDPOINT_IN_HSP	0	789	1	0	120	0	120
ENDPOINT_IN_HSP	1	24	-3	19	58	62	101
ENDPOINT_IN_HSP	2	20	-2	53	66	56	69
ENDPOINT_IN_HSP	3	20	-1	33	40	111	118
ENDPOINT_IN_HSP	4	19	-1	33	52	61	80
ENDPOINT_IN_HSP	5	16	-2	93	95	73	75
ENDPOINT_IN_HSP	6	14	-1	33	35	106	108
ENDPOINT_OUTPUT	7	7
ENDPOINT_OUT_HSP	0	14	-1	33	35	106	108
ENDPOINT_OUT_HSP	1	20	-1	33	40	111	118
ENDPOINT_OUT_HSP	2	19	-1	33	52	61	80
ENDPOINT_OUT_HSP	3	24	-3	19	58	62	101
ENDPOINT_OUT_HSP	4	20	-2	53	66	56	69
ENDPOINT_OUT_HSP	5	16	-2	93	95	73	75
ENDPOINT_OUT_HSP	6	789	1	0	120	0	120
CONTAINS	0	1	0	120	0	120
CONTAINS	0	-3	19	58	62	101
CONTAINS	0	-2	53	66	56	69
CONTAINS	0	-1	33	40	111	118
CONTAINS	0	-1	33	52	61	80
CONTAINS	0	-2	93	95	73	75
CONTAINS	0	-1	33	35	106	108
TRACEBACK_OUTPUT	0	0	7	0
TRACEBACK_OUT_HSP	0	0	789	1	0	120	0	120
TRACEBACK_OUT_HSP	0	1	24	-3	19	58	62	101
TRACEBACK_OUT_HSP	0	2	20	-2	53	66	56	69
TRACEBACK_OUT_HSP	0	3	20	-1	33	40	111	118
TRACEBACK_OUT_HSP	0	4	19	-1	33	52	61	80
TRACEBACK_OUT_HSP	0	5	16	-2	93	95	73	75
TRACEBACK_OUT_HSP	0	6	14	-1	33	35	106	108
