mode	case_id	threads	median_seconds	min_seconds	max_seconds	process_lifetime_peak_rss_bytes	median_worker_startup_seconds	median_invocation_including_io_and_api_copy_seconds	median_host_exit_wait_seconds	raw_output_sha256
serial-command-compiled-module	dense-biased	1	0.010839636000000041	0.010498079999999958	0.014090550000000007	195788800		0.00940689999999995	7.142999999985023e-06	0b4b1ddfab92ec836d21d1340048fa1953e6e03e102bce74c4f8515929ef3a22
serial-command-compiled-module	long-single	1	0.016743689000000016	0.016388946999999918	0.01875689	195788800		0.015578625999999986	8.040999999934683e-06	3c4d8ca8adb95dedf40ebe906fd4d21f56ffbcbf8931db7b5166d764f33df03d
serial-command-compiled-module	multi-subject	1	0.010360974999999939	0.009925722000000008	0.011063241000000005	195788800		0.009288455	6.364000000075976e-06	ffc6438860bbd673000c7dcf249bf76e58dfd99ceabbaee93574bc3f2e948ddb
serial-command-compiled-module	old-threshold	1	0.0037072729999999866	0.0035695739999999886	0.003962659999999971	195788800		0.00249240199999997	4.6189999999342035e-06	d2bca2e802c8f7fb0a9ecf5ae5f8c4848674d306cde18f63669a911e7d8e741e
serial-command-compiled-module	small	1	0.005854094000000032	0.005177583000000027	0.007596765999999946	196534272		0.004381191999999999	5.888000000027205e-06	118fa3a3433f9f5c26a066066c81e0ddd79dc8c584b86605fd6b999ed3346663
threaded-command-compiled-module	dense-biased	1	0.01088163799999984	0.010074651999999332	0.013115106999999624	411783168		0.009686678999999913	4.988800000000992e-05	0b4b1ddfab92ec836d21d1340048fa1953e6e03e102bce74c4f8515929ef3a22
threaded-command-compiled-module	dense-biased	2	0.15149823300000026	0.10838068199999908	0.20396101499999986	411783168	0.06994058300000051	0.1476506100000006	0.002075886999999966	0b4b1ddfab92ec836d21d1340048fa1953e6e03e102bce74c4f8515929ef3a22
threaded-command-compiled-module	dense-biased	4	0.34291564800000013	0.29142102500000056	0.491698574	411783168	0.0780989384999998	0.33868381299999967	0.00403281700000025	0b4b1ddfab92ec836d21d1340048fa1953e6e03e102bce74c4f8515929ef3a22
threaded-command-compiled-module	long-single	1	0.01658539700000074	0.0157973920000004	0.01748394300000109	411783168		0.015285530999999537	4.763699999966775e-05	3c4d8ca8adb95dedf40ebe906fd4d21f56ffbcbf8931db7b5166d764f33df03d
threaded-command-compiled-module	long-single	2	0.15302894299999933	0.11073372799999924	0.20600104600000033	411783168	0.07011056349999945	0.14963202199999978	0.0021745959999989284	3c4d8ca8adb95dedf40ebe906fd4d21f56ffbcbf8931db7b5166d764f33df03d
threaded-command-compiled-module	long-single	4	0.29987481899999874	0.22995445800000017	0.38593864399999983	411783168	0.0678225910000001	0.2948019439999989	0.004201664000000165	3c4d8ca8adb95dedf40ebe906fd4d21f56ffbcbf8931db7b5166d764f33df03d
threaded-command-compiled-module	multi-subject	1	0.010453558999999587	0.009610544000000118	0.011172628999998779	411783168		0.008876540999999634	4.2977999999493475e-05	ffc6438860bbd673000c7dcf249bf76e58dfd99ceabbaee93574bc3f2e948ddb
threaded-command-compiled-module	multi-subject	2	0.1709274979999991	0.1450529549999992	0.20555084199999965	411783168	0.07340186250000033	0.1658922900000016	0.0024280070000004344	ffc6438860bbd673000c7dcf249bf76e58dfd99ceabbaee93574bc3f2e948ddb
threaded-command-compiled-module	multi-subject	4	0.30612608700000055	0.2824139610000002	0.38411925100000005	411783168	0.06826602150000008	0.30059456300000054	0.004013463999999658	ffc6438860bbd673000c7dcf249bf76e58dfd99ceabbaee93574bc3f2e948ddb
threaded-command-compiled-module	old-threshold	1	0.0036493019999998067	0.003560375000000022	0.004217672000000675	411783168		0.0024728500000001075	3.685599999971601e-05	d2bca2e802c8f7fb0a9ecf5ae5f8c4848674d306cde18f63669a911e7d8e741e
threaded-command-compiled-module	old-threshold	2	0.16853757499999938	0.1445271649999995	0.20484146599999986	411783168	0.07838673749999997	0.16519809900000018	0.0021775410000000194	d2bca2e802c8f7fb0a9ecf5ae5f8c4848674d306cde18f63669a911e7d8e741e
threaded-command-compiled-module	old-threshold	4	0.3755861819999991	0.28581879300000035	0.43768161099999997	411783168	0.07560745250000037	0.3706524440000012	0.003751704999998765	d2bca2e802c8f7fb0a9ecf5ae5f8c4848674d306cde18f63669a911e7d8e741e
threaded-command-compiled-module	small	1	0.005196014000000105	0.004635841000000255	0.005965776999999435	414334976		0.003783629999999903	3.5805000000436846e-05	118fa3a3433f9f5c26a066066c81e0ddd79dc8c584b86605fd6b999ed3346663
threaded-command-compiled-module	small	2	0.13782667799999945	0.09780799599999955	0.25845200800000023	414334976	0.06431612799999947	0.13370649100000082	0.0021464430000014546	118fa3a3433f9f5c26a066066c81e0ddd79dc8c584b86605fd6b999ed3346663
threaded-command-compiled-module	small	4	0.27021631999999957	0.23691671099999986	0.4109264640000001	414334976	0.06643987500000048	0.26510873300000093	0.003982166999999208	118fa3a3433f9f5c26a066066c81e0ddd79dc8c584b86605fd6b999ed3346663
threaded-reactor-same-instance	dense-biased	1	0.009118039000000864	0.008803989000000002	0.00946486299999924	231047168		0.009075248000000102	5.601599999954487e-05	0b4b1ddfab92ec836d21d1340048fa1953e6e03e102bce74c4f8515929ef3a22
threaded-reactor-same-instance	dense-biased	2	0.16476124200000003	0.14207841799999915	0.2765891330000004	231047168	0.0755459934999999	0.16252683900000012	0.0022318770000001676	0b4b1ddfab92ec836d21d1340048fa1953e6e03e102bce74c4f8515929ef3a22
threaded-reactor-same-instance	dense-biased	4	0.3637451700000001	0.26370454900000007	0.4782760159999998	231047168	0.07974318350000022	0.3602041429999999	0.0037251549999996313	0b4b1ddfab92ec836d21d1340048fa1953e6e03e102bce74c4f8515929ef3a22
threaded-reactor-same-instance	long-single	1	0.021096201000000293	0.020052656000000297	0.021897617000000535	231047168		0.021045195999999124	5.5472999998528394e-05	3c4d8ca8adb95dedf40ebe906fd4d21f56ffbcbf8931db7b5166d764f33df03d
threaded-reactor-same-instance	long-single	2	0.17306491499999993	0.15361008899999978	0.20387873099999887	231047168	0.06966015449999963	0.17048707099999955	0.0025739830000002257	3c4d8ca8adb95dedf40ebe906fd4d21f56ffbcbf8931db7b5166d764f33df03d
threaded-reactor-same-instance	long-single	4	0.33445548099999994	0.2962682989999994	0.413312891	231047168	0.07340336050000042	0.33115362800000003	0.003914477000000261	3c4d8ca8adb95dedf40ebe906fd4d21f56ffbcbf8931db7b5166d764f33df03d
threaded-reactor-same-instance	multi-subject	1	0.008418642000000545	0.007879608999999618	0.008736887000000934	231047168		0.008361358999999539	5.430800000067393e-05	ffc6438860bbd673000c7dcf249bf76e58dfd99ceabbaee93574bc3f2e948ddb
threaded-reactor-same-instance	multi-subject	2	0.15037089500000003	0.10163799000000018	0.1779966860000004	231047168	0.06952195300000039	0.1473936479999993	0.002300911999999698	ffc6438860bbd673000c7dcf249bf76e58dfd99ceabbaee93574bc3f2e948ddb
threaded-reactor-same-instance	multi-subject	4	0.27355191600000034	0.2305074939999995	0.3948916740000004	231047168	0.06952589800000078	0.26952529999999936	0.0041749729999992265	ffc6438860bbd673000c7dcf249bf76e58dfd99ceabbaee93574bc3f2e948ddb
threaded-reactor-same-instance	old-threshold	1	0.0028500549999989746	0.0024678129999992963	0.0036058210000010148	231047168		0.0027894440000000033	3.901099999984581e-05	d2bca2e802c8f7fb0a9ecf5ae5f8c4848674d306cde18f63669a911e7d8e741e
threaded-reactor-same-instance	old-threshold	2	0.15981375200000003	0.11773030199999994	0.17740512099999978	231047168	0.07451533950000021	0.15760069000000113	0.002184121999999661	d2bca2e802c8f7fb0a9ecf5ae5f8c4848674d306cde18f63669a911e7d8e741e
threaded-reactor-same-instance	old-threshold	4	0.3145287950000002	0.22659323399999995	0.34249021399999946	231047168	0.0665498805000002	0.31064089799999967	0.0035785820000000966	d2bca2e802c8f7fb0a9ecf5ae5f8c4848674d306cde18f63669a911e7d8e741e
threaded-reactor-same-instance	small	1	0.0034780809999992927	0.003264368999999533	0.005802349000001414	231047168		0.0034226870000002236	5.1043999999819786e-05	118fa3a3433f9f5c26a066066c81e0ddd79dc8c584b86605fd6b999ed3346663
threaded-reactor-same-instance	small	2	0.13495806599999924	0.08943505399999958	0.18499701699999968	231047168	0.06464984000000004	0.1328881130000009	0.002065108999999211	118fa3a3433f9f5c26a066066c81e0ddd79dc8c584b86605fd6b999ed3346663
threaded-reactor-same-instance	small	4	0.27389967500000056	0.1999411829999999	0.28745475199999965	231047168	0.06536267999999927	0.2699770630000003	0.0038377160000000006	118fa3a3433f9f5c26a066066c81e0ddd79dc8c584b86605fd6b999ed3346663
