CONTAINS	0	1	60	120	60	120
CONTAINS	1	1	0	40	0	40
ENDPOINT_INPUT	1	1
ENDPOINT_IN_HSP	0	528	1	0	120	0	120
ENDPOINT_OUTPUT	1	1
ENDPOINT_OUT_HSP	0	528	1	0	120	0	120
TRACEBACK_INPUT	0	1
TRACEBACK_CONTEXT	0	1
TRACEBACK_IN_HSP	0	0	528	1	0	120	0	120
TRACEBACK_IN_CONTEXT_HSP	0	0	0
CONTAINS	0	1	0	120	0	120
TARGET_TRANSLATION	1	0	120	0	120	120	1
TRACEBACK_OUTPUT	0	0	1	1
TRACEBACK_OUT_HSP	0	0	528	1	0	120	0	120
TRACEBACK_INPUT	0	1
TRACEBACK_CONTEXT	0	1
TRACEBACK_IN_HSP	0	0	528	1	0	120	0	120
TRACEBACK_IN_CONTEXT_HSP	0	0	0
CONTAINS	0	1	0	120	0	120
TARGET_TRANSLATION	1	-1	0	0	120	120	1
HSP_TEST	0	120	0	120	0	120
ENDPOINT_INPUT	0	1
ENDPOINT_IN_HSP	0	528	1	0	120	0	120
ENDPOINT_OUTPUT	1	1
ENDPOINT_OUT_HSP	0	528	1	0	120	0	120
CONTAINS	0	1	0	120	0	120
TRACEBACK_OUTPUT	0	0	1	0
TRACEBACK_OUT_HSP	0	0	528	1	0	120	0	120
