K_TRACE_PRELIM	0	0	656	0	1	0	120	29	0	120	29
K_TRACE_ENTER	0	0	41	29	29	120	120	2076	352	32	1	32
K_TRACE_QUERY	0	0c120516140b1313130701070713070a11140b12090f0b090f0d080613140516040e120905041116100a0f14130904070512030b0b04090b041201070f05051614010c10040f160c1012070507060b03130601090d0d120a1106050409080f1610050f090a10130a04110404130e0c130b13070d0a03040b
K_TRACE_SUBJECT	0	0c120516140b1313130701070713070a11140b12090f0b090f0d080613140516040e120905041116100a0f14130904070512030b0b04090b041201070f05051614010c10040f160c1012070507060b03130601090d0d120a1106050409080f1610050f090a10130a04110404130e0c130b13070d0a03040b
K_TRACE_RETURN	0	0	0	20493	0	120	0	120	0
K_TRACE_EDIT	0	1	3:120
K_TRACE_HEAP_WOULD	12	4.4189169408191706e-92	20493	0	500	100	0.002	0	1
K_TRACE_HEAP_INSERT	12	4.4189169408191706e-92	20493	0	1	4.4189169408191706e-92
K_TRACE_HEAP_HSP	12	0	640	251.13596086715009	4.4189169408191706e-92	120	0	1	0	120	0	120	1
K_TRACE_HEAP_INSERT_RETURN	12	0	1	4.4189169408191706e-92	-1
K_TRACE_PRELIM	1	0	656	0	1	0	120	29	0	120	29
K_TRACE_ENTER	1	1	41	29	29	120	120	2076	352	32	1	32
K_TRACE_QUERY	1	0c120516140b1313130701070713070a11140b12090f0b090f0d080613140516040e120905041116100a0f14130904070512030b0b04090b041201070f05051614010c10040f160c1012070507060b03130601090d0d120a1106050409080f1610050f090a10130a04110404130e0c130b13070d0a03040b
K_TRACE_SUBJECT	1	0c120516140b1313130701070713070a11140b12090f0b090f0d080613140516040e120905041116100a0f14130904070512030b0b04090b041201070f05051614010c10040f160c1012070507060b03130601090d0d120a1106050409080f1610050f090a10130a04110404130e0c130b13070d0a03040b
K_TRACE_RETURN	1	1	0	20493	0	120	0	120	0
K_TRACE_EDIT	1	1	3:120
K_TRACE_HEAP_WOULD	11	4.4189169408191706e-92	20493	1	500	100	0.002	4.4189169408191706e-92	1
K_TRACE_HEAP_INSERT	11	4.4189169408191706e-92	20493	1	1	4.4189169408191706e-92
K_TRACE_HEAP_HSP	11	0	640	251.13596086715009	4.4189169408191706e-92	120	0	1	0	120	0	120	1
K_TRACE_HEAP_INSERT_RETURN	11	0	2	4.4189169408191706e-92	-1
K_TRACE_PRELIM	2	0	656	0	1	0	120	29	0	120	29
K_TRACE_ENTER	2	2	41	29	29	120	120	2076	352	32	1	32
K_TRACE_QUERY	2	0c120516140b1313130701070713070a11140b12090f0b090f0d080613140516040e120905041116100a0f14130904070512030b0b04090b041201070f05051614010c10040f160c1012070507060b03130601090d0d120a1106050409080f1610050f090a10130a04110404130e0c130b13070d0a03040b
K_TRACE_SUBJECT	2	0c120516140b1313130701070713070a11140b12090f0b090f0d080613140516040e120905041116100a0f14130904070512150b0b04090b041201070f05051614010c10040f160c1012070507060b03130601090d0d120a1106050409080f1610050f090a10130a04110404130e0c130b13070d0a03040b
K_TRACE_RETURN	2	2	0	20193	0	120	0	120	0
K_TRACE_EDIT	2	1	3:120
K_TRACE_HEAP_WOULD	7	1.1904096453705488e-90	20193	2	500	100	0.002	4.4189169408191706e-92	1
K_TRACE_HEAP_INSERT	7	1.1904096453705488e-90	20193	2	1	1.1904096453705488e-90
K_TRACE_HEAP_HSP	7	0	631	247.66916468389391	1.1904096453705488e-90	119	0	1	0	120	0	120	1
K_TRACE_HEAP_INSERT_RETURN	7	0	3	1.1904096453705488e-90	-1
K_TRACE_PRELIM	3	0	656	0	1	0	120	29	0	120	29
K_TRACE_ENTER	3	3	41	29	29	120	120	2076	352	32	1	32
K_TRACE_QUERY	3	0c120516140b1313130701070713070a11140b12090f0b090f0d080613140516040e120905041116100a0f14130904070512030b0b04090b041201070f05051614010c10040f160c1012070507060b03130601090d0d120a1106050409080f1610050f090a10130a04110404130e0c130b13070d0a03040b
K_TRACE_SUBJECT	3	0c120516140b1313130701070713070a11140b12090f0b090f0d080613140516040e120905041116100a0f14130904070512030b0b04090b041201070f05051614010c10040f160c1012070507060b03130601090d0d120a1106050409080f1610050f090a10130a04110404130e0c130b13070d0a03040b
K_TRACE_RETURN	3	3	0	20493	0	120	0	120	0
K_TRACE_EDIT	3	1	3:120
K_TRACE_HEAP_WOULD	6	4.4189169408191706e-92	20493	3	500	100	0.002	1.1904096453705488e-90	1
K_TRACE_HEAP_INSERT	6	4.4189169408191706e-92	20493	3	1	4.4189169408191706e-92
K_TRACE_HEAP_HSP	6	0	640	251.13596086715009	4.4189169408191706e-92	120	0	1	0	120	0	120	1
K_TRACE_HEAP_INSERT_RETURN	6	0	4	1.1904096453705488e-90	-1
K_TRACE_PRELIM	4	0	656	0	-3	0	120	29	0	120	29
K_TRACE_ENTER	4	4	41	29	29	120	120	2076	352	32	1	32
K_TRACE_QUERY	4	0c120516140b1313130701070713070a11140b12090f0b090f0d080613140516040e120905041116100a0f14130904070512030b0b04090b041201070f05051614010c10040f160c1012070507060b03130601090d0d120a1106050409080f1610050f090a10130a04110404130e0c130b13070d0a03040b
K_TRACE_SUBJECT	4	0c120516140b1313130701070713070a11140b12090f0b090f0d080613140516040e120905041116100a0f14130904070512030b0b04090b041201070f05051614010c10040f160c1012070507060b03130601090d0d120a1106050409080f1610050f090a10130a04110404130e0c130b13070d0a03040b
K_TRACE_RETURN	4	4	0	20493	0	120	0	120	0
K_TRACE_EDIT	4	1	3:120
K_TRACE_HEAP_WOULD	5	4.4189169408191706e-92	20493	4	500	100	0.002	1.1904096453705488e-90	1
K_TRACE_HEAP_INSERT	5	4.4189169408191706e-92	20493	4	1	4.4189169408191706e-92
K_TRACE_HEAP_HSP	5	0	640	251.13596086715009	4.4189169408191706e-92	120	0	-3	0	120	0	120	1
K_TRACE_HEAP_INSERT_RETURN	5	0	5	1.1904096453705488e-90	-1
K_TRACE_PRELIM	5	0	656	0	-2	0	120	29	0	120	29
K_TRACE_ENTER	5	5	41	29	29	120	120	2076	352	32	1	32
K_TRACE_QUERY	5	0c120516140b1313130701070713070a11140b12090f0b090f0d080613140516040e120905041116100a0f14130904070512030b0b04090b041201070f05051614010c10040f160c1012070507060b03130601090d0d120a1106050409080f1610050f090a10130a04110404130e0c130b13070d0a03040b
K_TRACE_SUBJECT	5	0c120516140b1313130701070713070a11140b12090f0b090f0d080613140516040e120905041116100a0f14130904070512030b0b04090b041201070f05051614010c10040f160c1012070507060b03130601090d0d120a1106050409080f1610050f090a10130a04110404130e0c130b13070d0a03040b
K_TRACE_RETURN	5	5	0	20493	0	120	0	120	0
K_TRACE_EDIT	5	1	3:120
K_TRACE_HEAP_WOULD	4	4.4189169408191706e-92	20493	5	500	100	0.002	1.1904096453705488e-90	1
K_TRACE_HEAP_INSERT	4	4.4189169408191706e-92	20493	5	1	4.4189169408191706e-92
K_TRACE_HEAP_HSP	4	0	640	251.13596086715009	4.4189169408191706e-92	120	0	-2	0	120	0	120	1
K_TRACE_HEAP_INSERT_RETURN	4	0	6	1.1904096453705488e-90	-1
K_TRACE_PRELIM	6	0	656	0	-1	0	120	29	0	120	29
K_TRACE_ENTER	6	6	41	29	29	120	120	2076	352	32	1	32
K_TRACE_QUERY	6	0c120516140b1313130701070713070a11140b12090f0b090f0d080613140516040e120905041116100a0f14130904070512030b0b04090b041201070f05051614010c10040f160c1012070507060b03130601090d0d120a1106050409080f1610050f090a10130a04110404130e0c130b13070d0a03040b
K_TRACE_SUBJECT	6	0c120516140b1313130701070713070a11140b12090f0b090f0d080613140516040e120905041116100a0f14130904070512030b0b04090b041201070f05051614010c10040f160c1012070507060b03130601090d0d120a1106050409080f1610050f090a10130a04110404130e0c130b13070d0a03040b
K_TRACE_RETURN	6	6	0	20493	0	120	0	120	0
K_TRACE_EDIT	6	1	3:120
K_TRACE_HEAP_WOULD	3	4.4189169408191706e-92	20493	6	500	100	0.002	1.1904096453705488e-90	1
K_TRACE_HEAP_INSERT	3	4.4189169408191706e-92	20493	6	1	4.4189169408191706e-92
K_TRACE_HEAP_HSP	3	0	640	251.13596086715009	4.4189169408191706e-92	120	0	-1	0	120	0	120	1
K_TRACE_HEAP_INSERT_RETURN	3	0	7	1.1904096453705488e-90	-1
K_TRACE_PRELIM	7	0	656	0	3	0	120	29	0	120	29
K_TRACE_ENTER	7	7	41	29	29	120	120	2076	352	32	1	32
K_TRACE_QUERY	7	0c120516140b1313130701070713070a11140b12090f0b090f0d080613140516040e120905041116100a0f14130904070512030b0b04090b041201070f05051614010c10040f160c1012070507060b03130601090d0d120a1106050409080f1610050f090a10130a04110404130e0c130b13070d0a03040b
K_TRACE_SUBJECT	7	0c120516140b1313130701070713070a11140b12090f0b090f0d080613140516040e120905041116100a0f14130904070512030b0b04090b041201070f05051614010c10040f160c1012070507060b03130601090d0d120a1106050409080f1610050f090a10130a04110404130e0c130b13070d0a03040b
K_TRACE_RETURN	7	7	0	20493	0	120	0	120	0
K_TRACE_EDIT	7	1	3:120
K_TRACE_HEAP_WOULD	2	4.4189169408191706e-92	20493	7	500	100	0.002	1.1904096453705488e-90	1
K_TRACE_HEAP_INSERT	2	4.4189169408191706e-92	20493	7	1	4.4189169408191706e-92
K_TRACE_HEAP_HSP	2	0	640	251.13596086715009	4.4189169408191706e-92	120	0	3	0	120	0	120	1
K_TRACE_HEAP_INSERT_RETURN	2	0	8	1.1904096453705488e-90	-1
K_TRACE_PRELIM	8	0	656	0	2	0	120	29	0	120	29
K_TRACE_ENTER	8	8	41	29	29	120	120	2076	352	32	1	32
K_TRACE_QUERY	8	0c120516140b1313130701070713070a11140b12090f0b090f0d080613140516040e120905041116100a0f14130904070512030b0b04090b041201070f05051614010c10040f160c1012070507060b03130601090d0d120a1106050409080f1610050f090a10130a04110404130e0c130b13070d0a03040b
K_TRACE_SUBJECT	8	0c120516140b1313130701070713070a11140b12090f0b090f0d080613140516040e120905041116100a0f14130904070512030b0b04090b041201070f05051614010c10040f160c1012070507060b03130601090d0d120a1106050409080f1610050f090a10130a04110404130e0c130b13070d0a03040b
K_TRACE_RETURN	8	8	0	20493	0	120	0	120	0
K_TRACE_EDIT	8	1	3:120
K_TRACE_HEAP_WOULD	1	4.4189169408191706e-92	20493	8	500	100	0.002	1.1904096453705488e-90	1
K_TRACE_HEAP_INSERT	1	4.4189169408191706e-92	20493	8	1	4.4189169408191706e-92
K_TRACE_HEAP_HSP	1	0	640	251.13596086715009	4.4189169408191706e-92	120	0	2	0	120	0	120	1
K_TRACE_HEAP_INSERT_RETURN	1	0	9	1.1904096453705488e-90	-1
K_TRACE_PRELIM	9	0	656	0	1	0	120	29	0	120	29
K_TRACE_ENTER	9	9	41	29	29	120	120	2076	352	32	1	32
K_TRACE_QUERY	9	0c120516140b1313130701070713070a11140b12090f0b090f0d080613140516040e120905041116100a0f14130904070512030b0b04090b041201070f05051614010c10040f160c1012070507060b03130601090d0d120a1106050409080f1610050f090a10130a04110404130e0c130b13070d0a03040b
K_TRACE_SUBJECT	9	0c120516140b1313130701070713070a11140b12090f0b090f0d080613140516040e120905041116100a0f14130904070512030b0b04090b041201070f05051614010c10040f160c1012070507060b03130601090d0d120a1106050409080f1610050f090a10130a04110404130e0c130b13070d0a03040b
K_TRACE_RETURN	9	9	0	20493	0	120	0	120	0
K_TRACE_EDIT	9	1	3:120
K_TRACE_HEAP_WOULD	0	4.4189169408191706e-92	20493	9	500	100	0.002	1.1904096453705488e-90	1
K_TRACE_HEAP_INSERT	0	4.4189169408191706e-92	20493	9	1	4.4189169408191706e-92
K_TRACE_HEAP_HSP	0	0	640	251.13596086715009	4.4189169408191706e-92	120	0	1	0	120	0	120	1
K_TRACE_HEAP_INSERT_RETURN	0	0	10	1.1904096453705488e-90	-1
K_TRACE_PRELIM	10	0	647	0	1	0	120	29	0	120	29
K_TRACE_ENTER	10	10	41	29	29	120	120	2076	352	32	1	32
K_TRACE_QUERY	10	0c120516140b1313130701070713070a11140b12090f0b090f0d080613140516040e120905041116100a0f14130904070512030b0b04090b041201070f05051614010c10040f160c1012070507060b03130601090d0d120a1106050409080f1610050f090a10130a04110404130e0c130b13070d0a03040b
K_TRACE_SUBJECT	10	0c120516140b1313130701070713070a11140b12090f0b090f0d080613140516040e120905041116190a0f14130904070512030b0b04090b041201070f05051614010c10040f160c1012070507060b03130601090d0d120a1106050409080f1610050f090a10130a04110404130e0c130b13070d0a03040b
K_TRACE_RETURN	10	10	0	20156	0	120	0	120	0
K_TRACE_EDIT	10	1	3:120
K_TRACE_HEAP_WOULD	8	1.7869255373190029e-90	20156	10	500	100	0.002	1.1904096453705488e-90	1
K_TRACE_HEAP_INSERT	8	1.7869255373190029e-90	20156	10	1	1.7869255373190029e-90
K_TRACE_HEAP_HSP	8	0	630	247.28396510797657	1.7869255373190029e-90	119	0	1	0	120	0	120	1
K_TRACE_HEAP_INSERT_RETURN	8	0	11	1.7869255373190029e-90	-1
K_TRACE_HEAP_POP	8	10	1.7869255373190029e-90
K_TRACE_HEAP_POP	7	9	1.1904096453705488e-90
K_TRACE_HEAP_POP	0	8	4.4189169408191706e-92
K_TRACE_HEAP_POP	1	7	4.4189169408191706e-92
K_TRACE_HEAP_POP	2	6	4.4189169408191706e-92
K_TRACE_HEAP_POP	3	5	4.4189169408191706e-92
K_TRACE_HEAP_POP	4	4	4.4189169408191706e-92
K_TRACE_HEAP_POP	5	3	4.4189169408191706e-92
K_TRACE_HEAP_POP	6	2	4.4189169408191706e-92
K_TRACE_HEAP_POP	11	1	4.4189169408191706e-92
K_TRACE_HEAP_POP	12	0	4.4189169408191706e-92
K_TRACE_HEAP_POP	-1	0	-1
K_TRACE_HEAP_POP	-1	0	-1
K_TRACE_HEAP_POP	-1	0	-1
