MERGE_INPUT	0	2147483647	0	-2147483648	0	1	0	3	0
MERGE_IN_HSP	0	0	0	656	1	0	120	29	200	320	229
MERGE_IN_HSP	0	1	1	393	1	0	70	5	225	295	230
MERGE_IN_HSP	0	2	0	20	1	17	36	22	1703	1722	1708
MERGE_OUTPUT	0	0	0	3
MERGE_OUT_HSP	0	0	0	656	1	0	120	29	200	320	229
MERGE_OUT_HSP	0	1	1	393	1	0	70	5	225	295	230
MERGE_OUT_HSP	0	2	0	20	1	17	36	22	1703	1722	1708
APPEND_INPUT	0	2147483647	3	0
APPEND_IN_HSP	0	0	0	656	1	0	120	200	320
APPEND_IN_HSP	0	1	1	393	1	0	70	225	295
APPEND_IN_HSP	0	2	0	20	1	17	36	1703	1722
APPEND_OUTPUT	0	0	0	3
APPEND_OUT_HSP	0	0	0	656	1	0	120	200	320
APPEND_OUT_HSP	0	1	1	393	1	0	70	225	295
APPEND_OUT_HSP	0	2	0	20	1	17	36	1703	1722
MERGE_INPUT	1	2147483647	0	-2147483648	0	1	0	2	0
MERGE_IN_HSP	1	0	0	656	2	0	120	29	521	641	550
MERGE_IN_HSP	1	1	1	393	2	0	70	5	546	616	551
MERGE_OUTPUT	1	0	0	2
MERGE_OUT_HSP	1	0	0	656	2	0	120	29	521	641	550
MERGE_OUT_HSP	1	1	1	393	2	0	70	5	546	616	551
APPEND_INPUT	1	2147483647	2	3
APPEND_IN_HSP	1	0	0	656	2	0	120	521	641
APPEND_IN_HSP	1	1	1	393	2	0	70	546	616
APPEND_OLD_HSP	1	0	0	656	1	0	120	200	320
APPEND_OLD_HSP	1	1	1	393	1	0	70	225	295
APPEND_OLD_HSP	1	2	0	20	1	17	36	1703	1722
APPEND_OUTPUT	1	0	0	5
APPEND_OUT_HSP	1	0	0	656	1	0	120	200	320
APPEND_OUT_HSP	1	1	0	656	2	0	120	521	641
APPEND_OUT_HSP	1	2	1	393	1	0	70	225	295
APPEND_OUT_HSP	1	3	1	393	2	0	70	546	616
APPEND_OUT_HSP	1	4	0	20	1	17	36	1703	1722
MERGE_INPUT	2	2147483647	0	-2147483648	0	1	0	6	0
MERGE_IN_HSP	2	0	0	656	3	0	120	29	842	962	871
MERGE_IN_HSP	2	1	1	393	3	0	70	5	867	937	872
MERGE_IN_HSP	2	2	1	18	3	6	21	13	1150	1165	1157
MERGE_IN_HSP	2	3	0	18	3	31	46	38	1150	1165	1157
MERGE_IN_HSP	2	4	0	17	3	42	64	44	1642	1662	1644
MERGE_IN_HSP	2	5	0	13	3	50	53	51	1011	1014	1012
MERGE_OUTPUT	2	0	0	6
MERGE_OUT_HSP	2	0	0	656	3	0	120	29	842	962	871
MERGE_OUT_HSP	2	1	1	393	3	0	70	5	867	937	872
MERGE_OUT_HSP	2	2	1	18	3	6	21	13	1150	1165	1157
MERGE_OUT_HSP	2	3	0	18	3	31	46	38	1150	1165	1157
MERGE_OUT_HSP	2	4	0	17	3	42	64	44	1642	1662	1644
MERGE_OUT_HSP	2	5	0	13	3	50	53	51	1011	1014	1012
APPEND_INPUT	2	2147483647	6	5
APPEND_IN_HSP	2	0	0	656	3	0	120	842	962
APPEND_IN_HSP	2	1	1	393	3	0	70	867	937
APPEND_IN_HSP	2	2	1	18	3	6	21	1150	1165
APPEND_IN_HSP	2	3	0	18	3	31	46	1150	1165
APPEND_IN_HSP	2	4	0	17	3	42	64	1642	1662
APPEND_IN_HSP	2	5	0	13	3	50	53	1011	1014
APPEND_OLD_HSP	2	0	0	656	1	0	120	200	320
APPEND_OLD_HSP	2	1	0	656	2	0	120	521	641
APPEND_OLD_HSP	2	2	1	393	1	0	70	225	295
APPEND_OLD_HSP	2	3	1	393	2	0	70	546	616
APPEND_OLD_HSP	2	4	0	20	1	17	36	1703	1722
APPEND_OUTPUT	2	0	0	11
APPEND_OUT_HSP	2	0	0	656	1	0	120	200	320
APPEND_OUT_HSP	2	1	0	656	2	0	120	521	641
APPEND_OUT_HSP	2	2	0	656	3	0	120	842	962
APPEND_OUT_HSP	2	3	1	393	1	0	70	225	295
APPEND_OUT_HSP	2	4	1	393	2	0	70	546	616
APPEND_OUT_HSP	2	5	1	393	3	0	70	867	937
APPEND_OUT_HSP	2	6	0	20	1	17	36	1703	1722
APPEND_OUT_HSP	2	7	1	18	3	6	21	1150	1165
APPEND_OUT_HSP	2	8	0	18	3	31	46	1150	1165
APPEND_OUT_HSP	2	9	0	17	3	42	64	1642	1662
APPEND_OUT_HSP	2	10	0	13	3	50	53	1011	1014
MERGE_INPUT	3	2147483647	0	-2147483648	0	1	0	8	0
MERGE_IN_HSP	3	0	0	656	-1	0	120	29	842	962	871
MERGE_IN_HSP	3	1	1	393	-1	0	70	5	867	937	872
MERGE_IN_HSP	3	2	0	38	-1	2	82	79	904	990	987
MERGE_IN_HSP	3	3	1	28	-1	10	57	54	944	990	987
MERGE_IN_HSP	3	4	1	24	-1	8	21	13	962	975	967
MERGE_IN_HSP	3	5	0	24	-1	33	46	38	962	975	967
MERGE_IN_HSP	3	6	1	15	-1	39	41	40	116	118	117
MERGE_IN_HSP	3	7	0	15	-1	64	66	65	116	118	117
MERGE_OUTPUT	3	0	0	8
MERGE_OUT_HSP	3	0	0	656	-1	0	120	29	842	962	871
MERGE_OUT_HSP	3	1	1	393	-1	0	70	5	867	937	872
MERGE_OUT_HSP	3	2	0	38	-1	2	82	79	904	990	987
MERGE_OUT_HSP	3	3	1	28	-1	10	57	54	944	990	987
MERGE_OUT_HSP	3	4	1	24	-1	8	21	13	962	975	967
MERGE_OUT_HSP	3	5	0	24	-1	33	46	38	962	975	967
MERGE_OUT_HSP	3	6	1	15	-1	39	41	40	116	118	117
MERGE_OUT_HSP	3	7	0	15	-1	64	66	65	116	118	117
APPEND_INPUT	3	2147483647	8	11
APPEND_IN_HSP	3	0	0	656	-1	0	120	842	962
APPEND_IN_HSP	3	1	1	393	-1	0	70	867	937
APPEND_IN_HSP	3	2	0	38	-1	2	82	904	990
APPEND_IN_HSP	3	3	1	28	-1	10	57	944	990
APPEND_IN_HSP	3	4	1	24	-1	8	21	962	975
APPEND_IN_HSP	3	5	0	24	-1	33	46	962	975
APPEND_IN_HSP	3	6	1	15	-1	39	41	116	118
APPEND_IN_HSP	3	7	0	15	-1	64	66	116	118
APPEND_OLD_HSP	3	0	0	656	1	0	120	200	320
APPEND_OLD_HSP	3	1	0	656	2	0	120	521	641
APPEND_OLD_HSP	3	2	0	656	3	0	120	842	962
APPEND_OLD_HSP	3	3	1	393	1	0	70	225	295
APPEND_OLD_HSP	3	4	1	393	2	0	70	546	616
APPEND_OLD_HSP	3	5	1	393	3	0	70	867	937
APPEND_OLD_HSP	3	6	0	20	1	17	36	1703	1722
APPEND_OLD_HSP	3	7	1	18	3	6	21	1150	1165
APPEND_OLD_HSP	3	8	0	18	3	31	46	1150	1165
APPEND_OLD_HSP	3	9	0	17	3	42	64	1642	1662
APPEND_OLD_HSP	3	10	0	13	3	50	53	1011	1014
APPEND_OUTPUT	3	0	0	19
APPEND_OUT_HSP	3	0	0	656	1	0	120	200	320
APPEND_OUT_HSP	3	1	0	656	2	0	120	521	641
APPEND_OUT_HSP	3	2	0	656	3	0	120	842	962
APPEND_OUT_HSP	3	3	0	656	-1	0	120	842	962
APPEND_OUT_HSP	3	4	1	393	1	0	70	225	295
APPEND_OUT_HSP	3	5	1	393	2	0	70	546	616
APPEND_OUT_HSP	3	6	1	393	3	0	70	867	937
APPEND_OUT_HSP	3	7	1	393	-1	0	70	867	937
APPEND_OUT_HSP	3	8	0	38	-1	2	82	904	990
APPEND_OUT_HSP	3	9	1	28	-1	10	57	944	990
APPEND_OUT_HSP	3	10	1	24	-1	8	21	962	975
APPEND_OUT_HSP	3	11	0	24	-1	33	46	962	975
APPEND_OUT_HSP	3	12	0	20	1	17	36	1703	1722
APPEND_OUT_HSP	3	13	1	18	3	6	21	1150	1165
APPEND_OUT_HSP	3	14	0	18	3	31	46	1150	1165
APPEND_OUT_HSP	3	15	0	17	3	42	64	1642	1662
APPEND_OUT_HSP	3	16	1	15	-1	39	41	116	118
APPEND_OUT_HSP	3	17	0	15	-1	64	66	116	118
APPEND_OUT_HSP	3	18	0	13	3	50	53	1011	1014
MERGE_INPUT	4	2147483647	0	-2147483648	0	1	0	6	0
MERGE_IN_HSP	4	0	0	656	-2	0	120	29	521	641	550
MERGE_IN_HSP	4	1	1	393	-2	0	70	5	546	616	551
MERGE_IN_HSP	4	2	0	36	-2	17	30	22	954	967	959
MERGE_IN_HSP	4	3	1	15	-2	30	37	33	1068	1075	1071
MERGE_IN_HSP	4	4	0	15	-2	55	62	58	1068	1075	1071
MERGE_IN_HSP	4	5	0	13	-2	100	103	101	1003	1006	1004
MERGE_OUTPUT	4	0	0	6
MERGE_OUT_HSP	4	0	0	656	-2	0	120	29	521	641	550
MERGE_OUT_HSP	4	1	1	393	-2	0	70	5	546	616	551
MERGE_OUT_HSP	4	2	0	36	-2	17	30	22	954	967	959
MERGE_OUT_HSP	4	3	1	15	-2	30	37	33	1068	1075	1071
MERGE_OUT_HSP	4	4	0	15	-2	55	62	58	1068	1075	1071
MERGE_OUT_HSP	4	5	0	13	-2	100	103	101	1003	1006	1004
APPEND_INPUT	4	2147483647	6	19
APPEND_IN_HSP	4	0	0	656	-2	0	120	521	641
APPEND_IN_HSP	4	1	1	393	-2	0	70	546	616
APPEND_IN_HSP	4	2	0	36	-2	17	30	954	967
APPEND_IN_HSP	4	3	1	15	-2	30	37	1068	1075
APPEND_IN_HSP	4	4	0	15	-2	55	62	1068	1075
APPEND_IN_HSP	4	5	0	13	-2	100	103	1003	1006
APPEND_OLD_HSP	4	0	0	656	1	0	120	200	320
APPEND_OLD_HSP	4	1	0	656	2	0	120	521	641
APPEND_OLD_HSP	4	2	0	656	3	0	120	842	962
APPEND_OLD_HSP	4	3	0	656	-1	0	120	842	962
APPEND_OLD_HSP	4	4	1	393	1	0	70	225	295
APPEND_OLD_HSP	4	5	1	393	2	0	70	546	616
APPEND_OLD_HSP	4	6	1	393	3	0	70	867	937
APPEND_OLD_HSP	4	7	1	393	-1	0	70	867	937
APPEND_OLD_HSP	4	8	0	38	-1	2	82	904	990
APPEND_OLD_HSP	4	9	1	28	-1	10	57	944	990
APPEND_OLD_HSP	4	10	1	24	-1	8	21	962	975
APPEND_OLD_HSP	4	11	0	24	-1	33	46	962	975
APPEND_OLD_HSP	4	12	0	20	1	17	36	1703	1722
APPEND_OLD_HSP	4	13	1	18	3	6	21	1150	1165
APPEND_OLD_HSP	4	14	0	18	3	31	46	1150	1165
APPEND_OLD_HSP	4	15	0	17	3	42	64	1642	1662
APPEND_OLD_HSP	4	16	1	15	-1	39	41	116	118
APPEND_OLD_HSP	4	17	0	15	-1	64	66	116	118
APPEND_OLD_HSP	4	18	0	13	3	50	53	1011	1014
APPEND_OUTPUT	4	0	0	25
APPEND_OUT_HSP	4	0	0	656	1	0	120	200	320
APPEND_OUT_HSP	4	1	0	656	2	0	120	521	641
APPEND_OUT_HSP	4	2	0	656	-2	0	120	521	641
APPEND_OUT_HSP	4	3	0	656	3	0	120	842	962
APPEND_OUT_HSP	4	4	0	656	-1	0	120	842	962
APPEND_OUT_HSP	4	5	1	393	1	0	70	225	295
APPEND_OUT_HSP	4	6	1	393	2	0	70	546	616
APPEND_OUT_HSP	4	7	1	393	-2	0	70	546	616
APPEND_OUT_HSP	4	8	1	393	3	0	70	867	937
APPEND_OUT_HSP	4	9	1	393	-1	0	70	867	937
APPEND_OUT_HSP	4	10	0	38	-1	2	82	904	990
APPEND_OUT_HSP	4	11	0	36	-2	17	30	954	967
APPEND_OUT_HSP	4	12	1	28	-1	10	57	944	990
APPEND_OUT_HSP	4	13	1	24	-1	8	21	962	975
APPEND_OUT_HSP	4	14	0	24	-1	33	46	962	975
APPEND_OUT_HSP	4	15	0	20	1	17	36	1703	1722
APPEND_OUT_HSP	4	16	1	18	3	6	21	1150	1165
APPEND_OUT_HSP	4	17	0	18	3	31	46	1150	1165
APPEND_OUT_HSP	4	18	0	17	3	42	64	1642	1662
APPEND_OUT_HSP	4	19	1	15	-1	39	41	116	118
APPEND_OUT_HSP	4	20	0	15	-1	64	66	116	118
APPEND_OUT_HSP	4	21	1	15	-2	30	37	1068	1075
APPEND_OUT_HSP	4	22	0	15	-2	55	62	1068	1075
APPEND_OUT_HSP	4	23	0	13	-2	100	103	1003	1006
APPEND_OUT_HSP	4	24	0	13	3	50	53	1011	1014
MERGE_INPUT	5	2147483647	0	-2147483648	0	1	0	6	0
MERGE_IN_HSP	5	0	0	656	-3	0	120	29	200	320	229
MERGE_IN_HSP	5	1	1	393	-3	0	70	5	225	295	230
MERGE_IN_HSP	5	2	1	28	-3	37	61	38	202	226	203
MERGE_IN_HSP	5	3	0	27	-3	78	118	83	49	92	54
MERGE_IN_HSP	5	4	0	26	-3	12	19	15	1430	1437	1433
MERGE_IN_HSP	5	5	1	22	-3	53	69	58	49	65	54
MERGE_OUTPUT	5	0	0	6
MERGE_OUT_HSP	5	0	0	656	-3	0	120	29	200	320	229
MERGE_OUT_HSP	5	1	1	393	-3	0	70	5	225	295	230
MERGE_OUT_HSP	5	2	1	28	-3	37	61	38	202	226	203
MERGE_OUT_HSP	5	3	0	27	-3	78	118	83	49	92	54
MERGE_OUT_HSP	5	4	0	26	-3	12	19	15	1430	1437	1433
MERGE_OUT_HSP	5	5	1	22	-3	53	69	58	49	65	54
APPEND_INPUT	5	2147483647	6	25
APPEND_IN_HSP	5	0	0	656	-3	0	120	200	320
APPEND_IN_HSP	5	1	1	393	-3	0	70	225	295
APPEND_IN_HSP	5	2	1	28	-3	37	61	202	226
APPEND_IN_HSP	5	3	0	27	-3	78	118	49	92
APPEND_IN_HSP	5	4	0	26	-3	12	19	1430	1437
APPEND_IN_HSP	5	5	1	22	-3	53	69	49	65
APPEND_OLD_HSP	5	0	0	656	1	0	120	200	320
APPEND_OLD_HSP	5	1	0	656	2	0	120	521	641
APPEND_OLD_HSP	5	2	0	656	-2	0	120	521	641
APPEND_OLD_HSP	5	3	0	656	3	0	120	842	962
APPEND_OLD_HSP	5	4	0	656	-1	0	120	842	962
APPEND_OLD_HSP	5	5	1	393	1	0	70	225	295
APPEND_OLD_HSP	5	6	1	393	2	0	70	546	616
APPEND_OLD_HSP	5	7	1	393	-2	0	70	546	616
APPEND_OLD_HSP	5	8	1	393	3	0	70	867	937
APPEND_OLD_HSP	5	9	1	393	-1	0	70	867	937
APPEND_OLD_HSP	5	10	0	38	-1	2	82	904	990
APPEND_OLD_HSP	5	11	0	36	-2	17	30	954	967
APPEND_OLD_HSP	5	12	1	28	-1	10	57	944	990
APPEND_OLD_HSP	5	13	1	24	-1	8	21	962	975
APPEND_OLD_HSP	5	14	0	24	-1	33	46	962	975
APPEND_OLD_HSP	5	15	0	20	1	17	36	1703	1722
APPEND_OLD_HSP	5	16	1	18	3	6	21	1150	1165
APPEND_OLD_HSP	5	17	0	18	3	31	46	1150	1165
APPEND_OLD_HSP	5	18	0	17	3	42	64	1642	1662
APPEND_OLD_HSP	5	19	1	15	-1	39	41	116	118
APPEND_OLD_HSP	5	20	0	15	-1	64	66	116	118
APPEND_OLD_HSP	5	21	1	15	-2	30	37	1068	1075
APPEND_OLD_HSP	5	22	0	15	-2	55	62	1068	1075
APPEND_OLD_HSP	5	23	0	13	-2	100	103	1003	1006
APPEND_OLD_HSP	5	24	0	13	3	50	53	1011	1014
APPEND_OUTPUT	5	0	0	31
APPEND_OUT_HSP	5	0	0	656	1	0	120	200	320
APPEND_OUT_HSP	5	1	0	656	-3	0	120	200	320
APPEND_OUT_HSP	5	2	0	656	2	0	120	521	641
APPEND_OUT_HSP	5	3	0	656	-2	0	120	521	641
APPEND_OUT_HSP	5	4	0	656	3	0	120	842	962
APPEND_OUT_HSP	5	5	0	656	-1	0	120	842	962
APPEND_OUT_HSP	5	6	1	393	1	0	70	225	295
APPEND_OUT_HSP	5	7	1	393	-3	0	70	225	295
APPEND_OUT_HSP	5	8	1	393	2	0	70	546	616
APPEND_OUT_HSP	5	9	1	393	-2	0	70	546	616
APPEND_OUT_HSP	5	10	1	393	3	0	70	867	937
APPEND_OUT_HSP	5	11	1	393	-1	0	70	867	937
APPEND_OUT_HSP	5	12	0	38	-1	2	82	904	990
APPEND_OUT_HSP	5	13	0	36	-2	17	30	954	967
APPEND_OUT_HSP	5	14	1	28	-3	37	61	202	226
APPEND_OUT_HSP	5	15	1	28	-1	10	57	944	990
APPEND_OUT_HSP	5	16	0	27	-3	78	118	49	92
APPEND_OUT_HSP	5	17	0	26	-3	12	19	1430	1437
APPEND_OUT_HSP	5	18	1	24	-1	8	21	962	975
APPEND_OUT_HSP	5	19	0	24	-1	33	46	962	975
APPEND_OUT_HSP	5	20	1	22	-3	53	69	49	65
APPEND_OUT_HSP	5	21	0	20	1	17	36	1703	1722
APPEND_OUT_HSP	5	22	1	18	3	6	21	1150	1165
APPEND_OUT_HSP	5	23	0	18	3	31	46	1150	1165
APPEND_OUT_HSP	5	24	0	17	3	42	64	1642	1662
APPEND_OUT_HSP	5	25	1	15	-1	39	41	116	118
APPEND_OUT_HSP	5	26	0	15	-1	64	66	116	118
APPEND_OUT_HSP	5	27	1	15	-2	30	37	1068	1075
APPEND_OUT_HSP	5	28	0	15	-2	55	62	1068	1075
APPEND_OUT_HSP	5	29	0	13	-2	100	103	1003	1006
APPEND_OUT_HSP	5	30	0	13	3	50	53	1011	1014
