RANGE_CALL	0	1	5000000	1
RANGE	0	0	0	5000000
RANGE_CALL	1	1	420	1
RANGE	1	0	0	420
RANGE_CALL	2	2	5000000	1
RANGE	2	0	0	5000000
RANGE_CALL	3	2	420	1
RANGE	3	0	0	420
RANGE_CALL	4	3	5000000	1
RANGE	4	0	0	5000000
RANGE_CALL	5	3	420	1
RANGE	5	0	0	420
RANGE_CALL	6	-1	5000000	1
RANGE	6	0	0	5000000
RANGE_CALL	7	-1	420	1
RANGE	7	0	0	420
RANGE_CALL	8	-2	5000000	1
RANGE	8	0	0	5000000
RANGE_CALL	9	-2	420	1
RANGE	9	0	0	420
RANGE_CALL	10	-3	5000000	1
RANGE	10	0	0	5000000
RANGE_CALL	11	-3	420	1
RANGE	11	0	0	420
