D_ERFC	-4.7499998941776482	1.999999999981515
D_ERFC	-84.113523279084063	2
D_ERFC	-3.6970972896696632	1.999999829095422
D_ERFC	-83.060620674576072	2
D_ERFC	-4.2235485919236559	1.9999999976706968
D_ERFC	-83.58707197683006	2
D_ERFC	-4.5243779074973656	1.999999999843024
D_ERFC	-83.887901292403768	2
D_ERFC	-4.3739632497105108	1.9999999993817963
D_ERFC	-83.737486634616928	2
D_ERFC	-4.2987559208170838	1.9999999987933601
D_ERFC	-83.662279305723487	2
D_ERFC	-2.7708596601400819	1.9999109305343672
D_ERFC	-84.113523279084063	2
D_ERFC	-1.7179570556320967	1.9848827610541253
D_ERFC	-83.060620674576072	2
D_ERFC	-2.2444083578860896	1.9984968398458012
D_ERFC	-83.58707197683006	2
D_ERFC	-2.5452376734597997	1.999681182181908
D_ERFC	-83.887901292403768	2
D_ERFC	-2.3948230156729444	1.9992928481178573
D_ERFC	-83.737486634616928	2
D_ERFC	-2.4700303445663723	1.9995226424502319
D_ERFC	-83.812693963510355	2
D_ERFC	4.7289165149271364	2.267085689255873e-11
D_ERFC	-3.8921886007276139	1.9999999629542722
D_ERFC	4.7289165149271364	2.267085689255873e-11
D_ERFC	-3.8921886007276139	1.9999999629542722
D_ERFC	4.7289165149271364	2.267085689255873e-11
D_ERFC	-3.8921886007276139	1.9999999629542722
D_ERFC	4.7289165149271364	2.267085689255873e-11
D_ERFC	-3.8921886007276139	1.9999999629542722
D_ERFC	4.7289165149271364	2.267085689255873e-11
D_ERFC	-3.8921886007276139	1.9999999629542722
D_ERFC	4.7289165149271364	2.267085689255873e-11
D_ERFC	-3.8921886007276139	1.9999999629542722
D_ERFC	3.6525166083099023	2.3987586094153527e-07
D_ERFC	-7.893307270162726	2
D_ERFC	3.6525166083099023	2.3987586094153527e-07
D_ERFC	-7.893307270162726	2
D_ERFC	3.6525166083099023	2.3987586094153527e-07
D_ERFC	-7.893307270162726	2
D_ERFC	3.6525166083099023	2.3987586094153527e-07
D_ERFC	-7.893307270162726	2
D_ERFC	3.6525166083099023	2.3987586094153527e-07
D_ERFC	-7.893307270162726	2
D_ERFC	3.6525166083099023	2.3987586094153527e-07
D_ERFC	-7.893307270162726	2
D_ERFC	-2.202406875151758	1.9981585148643111
D_ERFC	-58.669611953810943	2
D_ERFC	-1.7179570556320967	1.9848827610541253
D_ERFC	-83.060620674576072	2
D_ERFC	-3.7723046185630911	1.9999999043734513
D_ERFC	-83.135828003469499	2
D_ERFC	-3.8475119474565185	1.9999999470782057
D_ERFC	-83.211035332362925	2
D_ERFC	-2.018786371205807	1.9956962502422053
D_ERFC	-83.361449990149794	2
D_ERFC	-3.9979266052433737	1.9999999843172622
D_ERFC	-83.361449990149794	2
D_ERFC	-2.1692010289926622	1.9978429669747264
D_ERFC	-83.511864647936633	2
D_ERFC	-4.2987559208170838	1.9999999987933601
D_ERFC	-83.662279305723487	2
D_ERFC	-2.4700303445663723	1.9995226424502319
D_ERFC	-83.812693963510355	2
D_ERFC	-4.7499998941776482	1.999999999981515
D_ERFC	-84.113523279084063	2
D_ERFC	-3.6970972896696632	1.999999829095422
D_ERFC	-83.060620674576072	2
D_ERFC	-4.2235485919236559	1.9999999976706968
D_ERFC	-83.58707197683006	2
D_ERFC	-4.5243779074973656	1.999999999843024
D_ERFC	-83.887901292403768	2
D_ERFC	-4.3739632497105108	1.9999999993817963
D_ERFC	-83.737486634616928	2
D_ERFC	-4.2987559208170838	1.9999999987933601
D_ERFC	-83.662279305723487	2
D_ERFC	-2.7708596601400819	1.9999109305343672
D_ERFC	-84.113523279084063	2
D_ERFC	-1.7179570556320967	1.9848827610541253
D_ERFC	-83.060620674576072	2
D_ERFC	-2.2444083578860896	1.9984968398458012
D_ERFC	-83.58707197683006	2
D_ERFC	-2.5452376734597997	1.999681182181908
D_ERFC	-83.887901292403768	2
D_ERFC	-2.3948230156729444	1.9992928481178573
D_ERFC	-83.737486634616928	2
D_ERFC	-2.4700303445663723	1.9995226424502319
D_ERFC	-83.812693963510355	2
D_ERFC	4.7204360627537261	2.4604696321437976e-11
D_ERFC	-3.9136425641546726	1.9999999688285435
D_ERFC	4.6698010773883381	3.9995025621097127e-11
D_ERFC	-4.0424918689312097	1.9999999891544964
D_ERFC	4.6665658778199912	4.124890074141382e-11
D_ERFC	-4.0507685885388867	1.9999999898768104
D_ERFC	4.6591025343741332	4.4290020931481905e-11
D_ERFC	-4.0698827492249068	1.9999999913708011
D_ERFC	4.6591025343741332	4.4290020931481905e-11
D_ERFC	-4.0698827492249068	1.9999999913708011
D_ERFC	4.6585387912355776	4.4528441914952235e-11
D_ERFC	-4.0713276963363478	1.9999999914745838
D_ERFC	-2.4033987336401581	1.9993234727195932
D_ERFC	-61.900646289791595	2
D_ERFC	-3.9908759181596141	1.9999999833808464
D_ERFC	-83.354399303066032	2
D_ERFC	-4.0519818728855244	1.9999999899786849
D_ERFC	-83.415505257791935	2
D_ERFC	-4.2117974467840575	1.9999999974211538
D_ERFC	-83.575320831690462	2
D_ERFC	3.7139630435431679	1.5018143052641558e-07
D_ERFC	-7.6684794699935859	2
D_ERFC	3.5949838547417596	3.6942210192243945e-07
D_ERFC	-8.1077985693224264	2
D_ERFC	3.594618015188181	3.7043027402403059e-07
D_ERFC	-8.1091750993174774	2
D_ERFC	3.5882099240043637	3.8852616301738276e-07
D_ERFC	-8.1333127700280485	2
D_ERFC	3.5863769862426023	3.9385719801184015e-07
D_ERFC	-8.1402261192981058	2
D_ERFC	3.5841762522111229	4.0035124095866353e-07
D_ERFC	-8.1485320758159272	2
D_ERFC	-2.1880028612160189	1.9980272431468558
D_ERFC	-83.530666480159994	2
D_ERFC	-2.3102147706678386	1.9989135893110948
D_ERFC	-83.6528783896118	2
D_ERFC	-2.4324266801196579	1.9994182230504254
D_ERFC	-83.775090299063621	2
