event	a	b	c	d	e	f	g
ENDPOINT_INPUT	1	2
ENDPOINT_IN_HSP	0	656	1	0	120	200	320
ENDPOINT_IN_HSP	1	20	1	17	36	1703	1722
ENDPOINT_OUTPUT	2	2
ENDPOINT_OUT_HSP	0	20	1	17	36	1703	1722
ENDPOINT_OUT_HSP	1	656	1	0	120	200	320
ENDPOINT_INPUT	1	1
ENDPOINT_IN_HSP	0	656	2	0	120	521	641
ENDPOINT_OUTPUT	1	1
ENDPOINT_OUT_HSP	0	656	2	0	120	521	641
ENDPOINT_INPUT	1	4
ENDPOINT_IN_HSP	0	656	3	0	120	842	962
ENDPOINT_IN_HSP	1	18	3	31	46	1150	1165
ENDPOINT_IN_HSP	2	17	3	42	64	1642	1662
ENDPOINT_IN_HSP	3	13	3	50	53	1011	1014
ENDPOINT_OUTPUT	4	4
ENDPOINT_OUT_HSP	0	18	3	31	46	1150	1165
ENDPOINT_OUT_HSP	1	13	3	50	53	1011	1014
ENDPOINT_OUT_HSP	2	17	3	42	64	1642	1662
ENDPOINT_OUT_HSP	3	656	3	0	120	842	962
ENDPOINT_INPUT	1	4
ENDPOINT_IN_HSP	0	656	-1	0	120	842	962
ENDPOINT_IN_HSP	1	24	-1	33	46	962	975
ENDPOINT_IN_HSP	2	15	-1	64	66	116	118
ENDPOINT_IN_HSP	3	38	-1	2	82	904	990
ENDPOINT_OUTPUT	4	4
ENDPOINT_OUT_HSP	0	24	-1	33	46	962	975
ENDPOINT_OUT_HSP	1	15	-1	64	66	116	118
ENDPOINT_OUT_HSP	2	38	-1	2	82	904	990
ENDPOINT_OUT_HSP	3	656	-1	0	120	842	962
ENDPOINT_INPUT	1	4
ENDPOINT_IN_HSP	0	656	-2	0	120	521	641
ENDPOINT_IN_HSP	1	36	-2	17	30	954	967
ENDPOINT_IN_HSP	2	15	-2	55	62	1068	1075
ENDPOINT_IN_HSP	3	13	-2	100	103	1003	1006
ENDPOINT_OUTPUT	4	4
ENDPOINT_OUT_HSP	0	36	-2	17	30	954	967
ENDPOINT_OUT_HSP	1	15	-2	55	62	1068	1075
ENDPOINT_OUT_HSP	2	13	-2	100	103	1003	1006
ENDPOINT_OUT_HSP	3	656	-2	0	120	521	641
ENDPOINT_INPUT	1	3
ENDPOINT_IN_HSP	0	656	-3	0	120	200	320
ENDPOINT_IN_HSP	1	26	-3	12	19	1430	1437
ENDPOINT_IN_HSP	2	27	-3	78	118	49	92
ENDPOINT_OUTPUT	3	3
ENDPOINT_OUT_HSP	0	26	-3	12	19	1430	1437
ENDPOINT_OUT_HSP	1	27	-3	78	118	49	92
ENDPOINT_OUT_HSP	2	656	-3	0	120	200	320
ENDPOINT_INPUT	0	18
ENDPOINT_IN_HSP	0	656	1	0	120	200	320
ENDPOINT_IN_HSP	1	656	-3	0	120	200	320
ENDPOINT_IN_HSP	2	656	2	0	120	521	641
ENDPOINT_IN_HSP	3	656	-2	0	120	521	641
ENDPOINT_IN_HSP	4	656	3	0	120	842	962
ENDPOINT_IN_HSP	5	656	-1	0	120	842	962
ENDPOINT_IN_HSP	6	236	-1	0	82	842	990
ENDPOINT_IN_HSP	7	36	-2	17	30	954	967
ENDPOINT_IN_HSP	8	27	-3	78	118	49	92
ENDPOINT_IN_HSP	9	26	-3	12	19	1430	1437
ENDPOINT_IN_HSP	10	24	-1	33	46	962	975
ENDPOINT_IN_HSP	11	20	1	17	36	1703	1722
ENDPOINT_IN_HSP	12	18	3	31	46	1150	1165
ENDPOINT_IN_HSP	13	17	3	42	64	1642	1662
ENDPOINT_IN_HSP	14	15	-1	64	66	116	118
ENDPOINT_IN_HSP	15	15	-2	55	62	1068	1075
ENDPOINT_IN_HSP	16	13	-2	100	103	1003	1006
ENDPOINT_IN_HSP	17	13	3	50	53	1011	1014
ENDPOINT_OUTPUT	17	17
ENDPOINT_OUT_HSP	0	26	-3	12	19	1430	1437
ENDPOINT_OUT_HSP	1	36	-2	17	30	954	967
ENDPOINT_OUT_HSP	2	20	1	17	36	1703	1722
ENDPOINT_OUT_HSP	3	24	-1	33	46	962	975
ENDPOINT_OUT_HSP	4	18	3	31	46	1150	1165
ENDPOINT_OUT_HSP	5	13	3	50	53	1011	1014
ENDPOINT_OUT_HSP	6	15	-2	55	62	1068	1075
ENDPOINT_OUT_HSP	7	17	3	42	64	1642	1662
ENDPOINT_OUT_HSP	8	15	-1	64	66	116	118
ENDPOINT_OUT_HSP	9	13	-2	100	103	1003	1006
ENDPOINT_OUT_HSP	10	27	-3	78	118	49	92
ENDPOINT_OUT_HSP	11	656	1	0	120	200	320
ENDPOINT_OUT_HSP	12	656	-3	0	120	200	320
ENDPOINT_OUT_HSP	13	656	2	0	120	521	641
ENDPOINT_OUT_HSP	14	656	-2	0	120	521	641
ENDPOINT_OUT_HSP	15	656	3	0	120	842	962
ENDPOINT_OUT_HSP	16	656	-1	0	120	842	962
